,Age,Income,Emp_stat_Present,Gender,Marital_status,Loc,Notice_things_Present,All_angles_Present,Sincere_prod_Present,Lonely_Present,Worry_health_Present,Charity_Present,New_env_Present,Meeting_ppl_Present,Hob_interests_Present,Surveys_Present,Spent_onli_Present,WFH_office_Present,Ethu_Present,Income_Change,Smoking_hab_Present,Drinking_hab_Present,Sleeping_hab_Present,Healthy_Lifestyle_Present,Medi_pref_Present,Pol_interest_Present,Internet_interest_Present,Economy_Manag_intrst_Present,Medicine_intrst_Present,Religion_intrst_Present,Save_all_money_Present,Brand_non-brand_Present,Food_pref_Present,Mode_of_transport_Present,Basic_medications_Present,Digital_content_Present,Active_Investor_Present,Edu_instit_fee_Present,Change_in_data_consumption,Spend_on_gadgets_Present,Spend_on_Luxury_Present,Track_Household_exp_Present,Domestic_help_Present,Spending_kind_Present
0,5,2.0,5.0,1,1.0,2.0,3.0,3.0,3.0,4.0,3.0,1.0,1.0,3.0,1.0,2.0,2,1.0,2.0,0.0,2.0,0,1.0,4.0,0.0,3.0,0,3.0,3.0,1.0,3.0,1.0,0.0,0.0,0.0,0.0,1.0,2.0,2.0,0.0,1.0,2.0,1.0,2.0
1,5,1.0,3.0,1,1.0,2.0,3.0,3.0,3.0,3.0,4.0,4.0,4.0,4.0,4.0,4.0,2,1.0,4.0,2.0,0.0,0,3.0,3.0,1.0,2.0,3,3.0,2.0,3.0,4.0,0.0,1.0,1.0,1.0,0.0,4.0,4.0,1.0,4.0,1.0,1.0,3.0,0.0
2,0,3.0,0.0,1,0.0,2.0,4.0,3.0,3.0,4.0,4.0,4.0,2.0,3.0,3.0,2.0,2,0.0,3.0,0.0,3.0,1,2.0,3.0,0.0,2.0,0,2.0,1.0,2.0,3.0,2.0,0.0,1.0,1.0,1.0,3.0,0.0,1.0,2.0,2.0,1.0,2.0,2.0
3,4,5.0,2.0,1,1.0,2.0,3.0,3.0,0.0,4.0,3.0,0.0,2.0,2.0,2.0,0.0,0,2.0,2.0,0.0,2.0,2,0.0,2.0,0.0,2.0,0,1.0,0.0,1.0,2.0,2.0,1.0,0.0,0.0,0.0,2.0,2.0,2.0,2.0,2.0,2.0,0.0,1.0
4,0,4.0,3.0,0,0.0,2.0,2.0,0.0,0.0,4.0,2.0,2.0,1.0,1.0,2.0,1.0,0,0.0,0.0,2.0,2.0,1,0.0,0.0,1.0,2.0,0,1.0,0.0,1.0,0.0,0.0,0.0,2.0,0.0,0.0,2.0,0.0,1.0,0.0,0.0,2.0,0.0,2.0
5,1,4.0,4.0,0,0.0,2.0,0.0,3.0,3.0,0.0,0.0,2.0,1.0,3.0,2.0,0.0,0,0.0,2.0,2.0,2.0,1,3.0,2.0,1.0,0.0,0,0.0,0.0,1.0,2.0,0.0,0.0,0.0,0.0,2.0,2.0,0.0,1.0,2.0,2.0,2.0,0.0,1.0
6,0,0.0,2.0,1,0.0,2.0,0.0,0.0,2.0,3.0,2.0,2.0,0.0,2.0,0.0,0.0,0,0.0,2.0,2.0,2.0,1,2.0,0.0,1.0,2.0,1,0.0,1.0,2.0,2.0,2.0,1.0,1.0,2.0,1.0,1.0,2.0,1.0,2.0,1.0,0.0,0.0,2.0
7,0,0.0,4.0,0,0.0,2.0,0.0,2.0,2.0,0.0,0.0,0.0,2.0,0.0,1.0,1.0,2,1.0,0.0,2.0,2.0,1,3.0,2.0,0.0,0.0,3,0.0,0.0,1.0,2.0,0.0,0.0,1.0,0.0,1.0,2.0,2.0,2.0,2.0,0.0,1.0,2.0,2.0
8,0,4.0,3.0,1,0.0,2.0,0.0,0.0,2.0,2.0,1.0,1.0,0.0,1.0,2.0,2.0,1,0.0,3.0,2.0,2.0,1,3.0,0.0,1.0,2.0,0,0.0,3.0,3.0,3.0,2.0,0.0,0.0,0.0,2.0,4.0,3.0,1.0,0.0,2.0,2.0,0.0,2.0
9,0,2.0,0.0,1,0.0,2.0,2.0,2.0,0.0,4.0,2.0,3.0,2.0,1.0,0.0,3.0,2,0.0,2.0,0.0,2.0,2,3.0,2.0,1.0,2.0,2,1.0,0.0,2.0,0.0,1.0,0.0,0.0,1.0,2.0,4.0,0.0,1.0,2.0,1.0,2.0,2.0,2.0
10,0,0.0,0.0,1,0.0,2.0,3.0,3.0,3.0,4.0,0.0,4.0,0.0,2.0,1.0,0.0,3,0.0,2.0,2.0,2.0,1,0.0,3.0,1.0,3.0,0,1.0,1.0,2.0,0.0,1.0,0.0,1.0,0.0,0.0,0.0,0.0,2.0,3.0,0.0,2.0,2.0,2.0
11,0,2.0,0.0,1,0.0,2.0,2.0,0.0,0.0,4.0,2.0,2.0,0.0,1.0,2.0,2.0,2,1.0,0.0,2.0,2.0,2,0.0,0.0,1.0,0.0,3,3.0,0.0,2.0,2.0,1.0,0.0,2.0,2.0,0.0,0.0,0.0,1.0,1.0,2.0,1.0,1.0,0.0
12,0,4.0,4.0,0,0.0,2.0,0.0,2.0,3.0,2.0,2.0,2.0,0.0,3.0,2.0,4.0,2,0.0,3.0,2.0,2.0,1,3.0,4.0,1.0,0.0,3,0.0,1.0,0.0,2.0,0.0,1.0,0.0,0.0,0.0,1.0,3.0,2.0,0.0,2.0,2.0,1.0,1.0
13,0,0.0,5.0,0,0.0,2.0,2.0,0.0,0.0,1.0,1.0,2.0,2.0,0.0,0.0,2.0,0,1.0,1.0,2.0,2.0,1,3.0,2.0,1.0,2.0,3,1.0,0.0,0.0,0.0,2.0,0.0,0.0,0.0,2.0,1.0,1.0,0.0,2.0,2.0,0.0,1.0,1.0
14,0,3.0,2.0,0,0.0,2.0,2.0,2.0,2.0,1.0,0.0,2.0,0.0,2.0,2.0,0.0,0,0.0,2.0,2.0,2.0,1,0.0,0.0,1.0,1.0,1,1.0,1.0,1.0,2.0,0.0,0.0,2.0,0.0,0.0,0.0,2.0,0.0,0.0,1.0,2.0,1.0,2.0
15,0,3.0,3.0,0,0.0,2.0,2.0,0.0,0.0,0.0,3.0,2.0,1.0,3.0,1.0,2.0,2,1.0,1.0,2.0,2.0,1,3.0,2.0,1.0,2.0,0,1.0,0.0,2.0,0.0,2.0,0.0,2.0,2.0,0.0,4.0,0.0,1.0,1.0,1.0,2.0,1.0,2.0
16,0,3.0,2.0,1,0.0,0.0,3.0,3.0,3.0,3.0,3.0,0.0,3.0,0.0,3.0,2.0,2,2.0,3.0,2.0,2.0,0,3.0,3.0,1.0,3.0,1,3.0,0.0,1.0,2.0,2.0,0.0,2.0,2.0,2.0,3.0,3.0,2.0,2.0,0.0,0.0,2.0,2.0
17,0,2.0,1.0,1,0.0,2.0,0.0,3.0,4.0,1.0,3.0,4.0,3.0,2.0,2.0,4.0,2,0.0,2.0,2.0,2.0,1,3.0,4.0,1.0,3.0,3,1.0,1.0,3.0,4.0,0.0,0.0,0.0,0.0,1.0,1.0,1.0,0.0,1.0,0.0,1.0,0.0,0.0
18,4,5.0,0.0,0,1.0,2.0,3.0,3.0,3.0,4.0,2.0,2.0,0.0,0.0,0.0,2.0,0,1.0,0.0,2.0,2.0,1,0.0,0.0,0.0,2.0,0,1.0,1.0,1.0,3.0,2.0,0.0,2.0,2.0,2.0,2.0,3.0,1.0,2.0,2.0,2.0,0.0,2.0
19,0,4.0,3.0,0,0.0,2.0,0.0,0.0,2.0,4.0,0.0,4.0,2.0,4.0,4.0,4.0,2,1.0,1.0,2.0,2.0,2,0.0,4.0,1.0,1.0,0,1.0,3.0,2.0,3.0,0.0,0.0,1.0,0.0,0.0,4.0,0.0,2.0,2.0,1.0,2.0,0.0,1.0
20,1,2.0,2.0,1,0.0,2.0,0.0,3.0,2.0,3.0,0.0,1.0,0.0,2.0,2.0,2.0,2,0.0,2.0,0.0,2.0,0,3.0,2.0,1.0,1.0,0,1.0,0.0,2.0,2.0,1.0,1.0,2.0,0.0,0.0,4.0,2.0,1.0,1.0,1.0,2.0,2.0,2.0
21,0,4.0,3.0,0,0.0,2.0,0.0,0.0,2.0,4.0,0.0,4.0,2.0,4.0,4.0,4.0,2,1.0,1.0,2.0,2.0,2,0.0,4.0,1.0,1.0,0,1.0,3.0,2.0,3.0,0.0,0.0,1.0,0.0,0.0,4.0,0.0,1.0,2.0,1.0,2.0,1.0,1.0
22,0,4.0,3.0,0,0.0,2.0,0.0,0.0,2.0,4.0,0.0,4.0,2.0,4.0,4.0,4.0,2,1.0,1.0,2.0,2.0,2,0.0,4.0,1.0,1.0,0,1.0,3.0,2.0,3.0,0.0,0.0,1.0,0.0,0.0,4.0,0.0,0.0,2.0,1.0,2.0,1.0,1.0
23,0,1.0,2.0,0,0.0,2.0,3.0,0.0,2.0,2.0,3.0,0.0,2.0,1.0,2.0,2.0,1,0.0,0.0,0.0,2.0,1,2.0,2.0,0.0,3.0,0,3.0,3.0,1.0,0.0,1.0,0.0,1.0,0.0,0.0,2.0,0.0,0.0,2.0,2.0,2.0,0.0,1.0
24,0,4.0,2.0,1,0.0,2.0,0.0,0.0,0.0,1.0,0.0,1.0,0.0,2.0,0.0,1.0,2,0.0,0.0,2.0,2.0,1,3.0,1.0,0.0,0.0,0,0.0,0.0,0.0,0.0,0.0,1.0,1.0,0.0,0.0,1.0,0.0,1.0,3.0,1.0,2.0,0.0,2.0
25,0,3.0,2.0,0,0.0,2.0,2.0,3.0,0.0,2.0,2.0,2.0,1.0,0.0,0.0,2.0,0,2.0,0.0,2.0,2.0,1,1.0,4.0,1.0,2.0,1,2.0,2.0,1.0,0.0,0.0,0.0,2.0,2.0,2.0,2.0,2.0,2.0,2.0,2.0,2.0,2.0,2.0
26,0,2.0,2.0,1,0.0,2.0,0.0,0.0,0.0,3.0,0.0,0.0,2.0,1.0,2.0,2.0,2,1.0,4.0,0.0,2.0,1,3.0,2.0,1.0,2.0,0,2.0,1.0,2.0,4.0,1.0,0.0,0.0,1.0,1.0,1.0,4.0,0.0,3.0,2.0,2.0,3.0,2.0
27,0,2.0,0.0,1,0.0,2.0,0.0,0.0,0.0,3.0,0.0,0.0,2.0,1.0,2.0,2.0,2,1.0,4.0,0.0,2.0,1,3.0,2.0,1.0,2.0,0,2.0,1.0,2.0,4.0,1.0,0.0,0.0,1.0,1.0,1.0,4.0,1.0,3.0,2.0,2.0,3.0,2.0
28,0,5.0,0.0,1,1.0,2.0,3.0,0.0,0.0,4.0,4.0,0.0,0.0,1.0,0.0,0.0,0,1.0,0.0,0.0,2.0,2,0.0,0.0,1.0,0.0,0,0.0,0.0,1.0,0.0,1.0,0.0,0.0,0.0,0.0,1.0,0.0,1.0,2.0,1.0,2.0,1.0,2.0
29,4,5.0,4.0,0,1.0,2.0,0.0,0.0,0.0,0.0,0.0,0.0,1.0,1.0,2.0,2.0,0,0.0,0.0,2.0,2.0,1,3.0,4.0,1.0,3.0,3,0.0,3.0,3.0,0.0,0.0,0.0,0.0,0.0,0.0,2.0,0.0,1.0,2.0,1.0,2.0,2.0,1.0
30,0,4.0,3.0,0,0.0,2.0,3.0,0.0,0.0,4.0,0.0,2.0,2.0,2.0,0.0,2.0,0,2.0,0.0,2.0,2.0,1,3.0,2.0,1.0,2.0,1,1.0,1.0,2.0,2.0,2.0,0.0,2.0,2.0,1.0,4.0,2.0,0.0,2.0,1.0,2.0,1.0,2.0
31,4,4.0,2.0,0,1.0,2.0,0.0,0.0,2.0,3.0,0.0,0.0,0.0,0.0,3.0,0.0,0,0.0,0.0,0.0,2.0,1,2.0,0.0,1.0,2.0,1,1.0,2.0,1.0,2.0,2.0,0.0,0.0,2.0,2.0,2.0,2.0,2.0,2.0,2.0,1.0,0.0,1.0
32,0,4.0,3.0,0,0.0,2.0,1.0,0.0,4.0,0.0,2.0,0.0,4.0,4.0,4.0,0.0,2,1.0,1.0,2.0,2.0,1,3.0,1.0,0.0,2.0,3,2.0,1.0,2.0,4.0,2.0,0.0,0.0,0.0,0.0,4.0,0.0,1.0,4.0,1.0,2.0,2.0,1.0
33,1,1.0,0.0,1,0.0,1.0,3.0,3.0,2.0,1.0,1.0,0.0,0.0,1.0,2.0,1.0,2,2.0,0.0,2.0,2.0,2,2.0,2.0,0.0,0.0,1,0.0,0.0,1.0,2.0,0.0,1.0,1.0,1.0,1.0,4.0,0.0,1.0,2.0,0.0,2.0,3.0,2.0
34,1,3.0,0.0,1,0.0,1.0,0.0,0.0,0.0,4.0,0.0,2.0,2.0,0.0,2.0,2.0,2,2.0,2.0,0.0,3.0,2,2.0,0.0,1.0,0.0,3,1.0,1.0,0.0,0.0,1.0,0.0,0.0,1.0,2.0,1.0,0.0,2.0,0.0,2.0,1.0,2.0,2.0
35,0,4.0,3.0,0,0.0,2.0,3.0,0.0,0.0,1.0,1.0,0.0,0.0,1.0,0.0,0.0,2,2.0,0.0,2.0,2.0,2,2.0,1.0,1.0,2.0,1,0.0,0.0,2.0,2.0,0.0,0.0,0.0,0.0,2.0,1.0,0.0,1.0,1.0,1.0,2.0,2.0,2.0
36,0,3.0,3.0,1,0.0,2.0,3.0,0.0,0.0,2.0,2.0,0.0,0.0,0.0,0.0,0.0,0,0.0,0.0,2.0,1.0,2,2.0,2.0,0.0,3.0,0,2.0,0.0,1.0,0.0,2.0,0.0,2.0,0.0,0.0,2.0,0.0,1.0,0.0,0.0,2.0,3.0,0.0
37,2,2.0,1.0,1,1.0,2.0,4.0,3.0,2.0,1.0,0.0,1.0,4.0,4.0,3.0,3.0,2,0.0,3.0,2.0,2.0,1,3.0,3.0,1.0,0.0,0,0.0,0.0,2.0,3.0,1.0,0.0,1.0,0.0,1.0,4.0,4.0,0.0,2.0,1.0,0.0,1.0,0.0
38,0,4.0,3.0,1,0.0,2.0,2.0,3.0,0.0,3.0,3.0,3.0,0.0,4.0,4.0,3.0,0,0.0,0.0,2.0,2.0,1,3.0,2.0,1.0,2.0,3,0.0,3.0,2.0,3.0,1.0,0.0,0.0,0.0,1.0,3.0,2.0,0.0,2.0,1.0,2.0,1.0,1.0
39,0,4.0,3.0,0,0.0,2.0,0.0,0.0,1.0,1.0,2.0,2.0,2.0,2.0,2.0,2.0,2,2.0,0.0,2.0,2.0,1,3.0,2.0,0.0,2.0,1,1.0,2.0,1.0,2.0,2.0,0.0,2.0,2.0,0.0,1.0,0.0,2.0,2.0,2.0,2.0,1.0,2.0
40,0,3.0,3.0,0,0.0,2.0,3.0,3.0,3.0,0.0,0.0,0.0,3.0,0.0,3.0,3.0,2,0.0,3.0,2.0,2.0,1,3.0,4.0,1.0,2.0,3,3.0,0.0,3.0,3.0,0.0,0.0,2.0,2.0,0.0,2.0,3.0,2.0,2.0,2.0,2.0,1.0,2.0
41,1,3.0,0.0,1,0.0,2.0,0.0,0.0,0.0,0.0,0.0,0.0,0.0,3.0,0.0,0.0,3,0.0,2.0,0.0,2.0,2,2.0,2.0,1.0,1.0,0,0.0,0.0,1.0,0.0,2.0,0.0,1.0,0.0,0.0,2.0,0.0,1.0,2.0,2.0,2.0,0.0,2.0
42,0,3.0,3.0,0,0.0,2.0,3.0,3.0,0.0,1.0,0.0,0.0,2.0,0.0,0.0,0.0,2,0.0,0.0,2.0,2.0,1,3.0,1.0,0.0,0.0,3,0.0,0.0,3.0,0.0,2.0,0.0,1.0,0.0,0.0,1.0,1.0,1.0,3.0,2.0,2.0,0.0,2.0
43,0,2.0,3.0,0,0.0,2.0,0.0,0.0,1.0,3.0,2.0,0.0,2.0,2.0,2.0,2.0,2,2.0,1.0,0.0,2.0,1,3.0,2.0,1.0,2.0,3,1.0,2.0,1.0,2.0,1.0,0.0,1.0,2.0,2.0,4.0,3.0,1.0,2.0,2.0,1.0,0.0,1.0
44,1,1.0,0.0,0,0.0,1.0,0.0,0.0,0.0,0.0,3.0,0.0,3.0,0.0,0.0,0.0,0,1.0,3.0,2.0,1.0,1,3.0,0.0,1.0,1.0,1,3.0,1.0,1.0,0.0,0.0,1.0,0.0,0.0,0.0,0.0,0.0,1.0,0.0,2.0,1.0,3.0,0.0
45,0,4.0,3.0,0,0.0,2.0,3.0,3.0,0.0,4.0,0.0,2.0,3.0,3.0,3.0,3.0,2,2.0,3.0,2.0,2.0,1,2.0,0.0,1.0,1.0,3,0.0,0.0,0.0,3.0,2.0,1.0,1.0,2.0,0.0,2.0,0.0,1.0,3.0,2.0,2.0,0.0,2.0
46,0,4.0,3.0,0,0.0,2.0,3.0,0.0,0.0,1.0,2.0,2.0,4.0,4.0,4.0,1.0,0,0.0,0.0,2.0,2.0,1,3.0,0.0,1.0,2.0,1,1.0,0.0,1.0,3.0,2.0,0.0,1.0,0.0,1.0,1.0,3.0,1.0,1.0,1.0,2.0,0.0,1.0
47,0,5.0,0.0,0,0.0,2.0,3.0,0.0,2.0,1.0,2.0,1.0,0.0,2.0,2.0,2.0,2,2.0,1.0,0.0,2.0,1,3.0,0.0,0.0,2.0,1,2.0,1.0,1.0,2.0,2.0,0.0,2.0,2.0,2.0,1.0,2.0,1.0,2.0,2.0,2.0,2.0,2.0
48,0,2.0,4.0,1,0.0,2.0,0.0,0.0,0.0,2.0,2.0,0.0,0.0,0.0,0.0,0.0,2,0.0,0.0,0.0,3.0,2,2.0,0.0,0.0,0.0,3,1.0,1.0,0.0,2.0,2.0,1.0,1.0,2.0,0.0,1.0,0.0,1.0,0.0,2.0,0.0,2.0,2.0
49,0,4.0,2.0,0,0.0,2.0,0.0,3.0,0.0,3.0,0.0,2.0,2.0,1.0,0.0,2.0,0,2.0,2.0,0.0,2.0,1,3.0,1.0,1.0,2.0,1,2.0,2.0,2.0,0.0,1.0,0.0,0.0,1.0,2.0,1.0,1.0,0.0,1.0,1.0,1.0,1.0,2.0
50,0,4.0,3.0,0,0.0,2.0,3.0,3.0,0.0,4.0,3.0,1.0,0.0,4.0,2.0,0.0,0,2.0,1.0,2.0,2.0,1,3.0,4.0,1.0,0.0,0,0.0,0.0,3.0,3.0,0.0,0.0,0.0,0.0,0.0,2.0,3.0,2.0,0.0,0.0,2.0,2.0,2.0
51,4,2.0,0.0,0,1.0,2.0,3.0,0.0,3.0,1.0,3.0,0.0,0.0,0.0,3.0,3.0,0,1.0,3.0,2.0,2.0,1,0.0,0.0,1.0,2.0,0,1.0,0.0,0.0,0.0,0.0,0.0,1.0,0.0,0.0,4.0,2.0,2.0,2.0,0.0,2.0,1.0,1.0
52,0,4.0,4.0,0,0.0,2.0,0.0,0.0,0.0,0.0,1.0,2.0,0.0,2.0,2.0,2.0,2,0.0,0.0,2.0,2.0,1,0.0,2.0,0.0,1.0,0,0.0,1.0,1.0,4.0,2.0,0.0,0.0,2.0,0.0,1.0,2.0,2.0,1.0,1.0,2.0,1.0,1.0
53,3,0.0,2.0,1,1.0,2.0,0.0,3.0,2.0,2.0,2.0,2.0,2.0,2.0,2.0,2.0,2,2.0,1.0,0.0,2.0,1,3.0,4.0,1.0,3.0,0,3.0,3.0,1.0,0.0,1.0,0.0,0.0,0.0,0.0,0.0,3.0,0.0,1.0,1.0,2.0,2.0,0.0
54,2,1.0,1.0,0,1.0,0.0,3.0,3.0,3.0,4.0,4.0,2.0,0.0,2.0,0.0,1.0,0,1.0,0.0,2.0,2.0,1,3.0,2.0,1.0,2.0,3,2.0,0.0,3.0,1.0,1.0,1.0,0.0,2.0,2.0,1.0,2.0,0.0,2.0,2.0,2.0,3.0,2.0
55,0,4.0,3.0,0,0.0,2.0,0.0,0.0,0.0,0.0,1.0,0.0,2.0,0.0,0.0,0.0,2,0.0,1.0,2.0,2.0,1,3.0,0.0,1.0,2.0,0,0.0,0.0,0.0,0.0,2.0,0.0,0.0,0.0,1.0,2.0,0.0,1.0,0.0,1.0,1.0,1.0,2.0
56,0,4.0,3.0,0,0.0,2.0,0.0,0.0,1.0,0.0,1.0,4.0,4.0,4.0,1.0,1.0,1,1.0,4.0,2.0,2.0,1,1.0,0.0,1.0,1.0,1,1.0,1.0,1.0,2.0,2.0,0.0,2.0,2.0,2.0,1.0,1.0,2.0,1.0,1.0,2.0,1.0,1.0
57,0,2.0,0.0,1,0.0,2.0,0.0,0.0,0.0,4.0,3.0,2.0,3.0,2.0,3.0,0.0,0,0.0,3.0,2.0,2.0,1,0.0,0.0,0.0,1.0,0,0.0,1.0,2.0,3.0,0.0,0.0,1.0,0.0,1.0,4.0,0.0,1.0,2.0,1.0,0.0,1.0,2.0
58,0,4.0,3.0,0,0.0,2.0,3.0,3.0,3.0,2.0,3.0,3.0,2.0,0.0,0.0,0.0,0,0.0,3.0,2.0,2.0,1,0.0,4.0,1.0,2.0,0,0.0,1.0,0.0,3.0,1.0,0.0,1.0,0.0,0.0,1.0,3.0,2.0,1.0,1.0,2.0,1.0,1.0
59,0,4.0,2.0,0,0.0,2.0,3.0,3.0,3.0,1.0,0.0,3.0,3.0,1.0,3.0,3.0,0,0.0,4.0,2.0,2.0,1,3.0,4.0,1.0,3.0,0,3.0,2.0,1.0,3.0,2.0,0.0,2.0,1.0,2.0,4.0,2.0,0.0,4.0,1.0,2.0,0.0,1.0
60,0,3.0,0.0,0,0.0,2.0,0.0,0.0,0.0,0.0,0.0,1.0,2.0,0.0,0.0,1.0,2,1.0,0.0,0.0,2.0,1,0.0,4.0,1.0,2.0,3,1.0,2.0,0.0,3.0,2.0,0.0,0.0,0.0,0.0,4.0,4.0,1.0,0.0,0.0,2.0,0.0,1.0
61,0,4.0,3.0,0,0.0,1.0,0.0,0.0,4.0,0.0,0.0,2.0,0.0,0.0,0.0,2.0,2,0.0,0.0,2.0,2.0,1,0.0,2.0,0.0,1.0,0,1.0,0.0,0.0,0.0,0.0,1.0,1.0,0.0,1.0,1.0,0.0,1.0,2.0,1.0,0.0,1.0,2.0
62,1,2.0,0.0,1,0.0,2.0,3.0,3.0,3.0,3.0,3.0,0.0,4.0,4.0,2.0,2.0,2,2.0,2.0,2.0,2.0,1,3.0,0.0,1.0,0.0,3,3.0,3.0,1.0,3.0,2.0,0.0,0.0,2.0,0.0,0.0,3.0,1.0,0.0,1.0,2.0,0.0,2.0
63,0,4.0,3.0,0,0.0,2.0,3.0,3.0,3.0,3.0,4.0,4.0,3.0,4.0,3.0,1.0,1,1.0,3.0,2.0,2.0,1,2.0,3.0,1.0,2.0,1,1.0,1.0,2.0,3.0,1.0,0.0,2.0,0.0,2.0,4.0,3.0,1.0,4.0,1.0,0.0,2.0,1.0
64,0,5.0,3.0,1,0.0,2.0,3.0,3.0,3.0,4.0,4.0,2.0,2.0,2.0,3.0,2.0,0,0.0,3.0,2.0,2.0,1,2.0,4.0,1.0,2.0,3,0.0,1.0,0.0,3.0,2.0,0.0,1.0,0.0,0.0,4.0,2.0,1.0,2.0,1.0,2.0,1.0,1.0
65,0,5.0,5.0,1,0.0,2.0,0.0,0.0,2.0,3.0,2.0,2.0,1.0,2.0,1.0,4.0,2,0.0,3.0,2.0,2.0,1,3.0,4.0,1.0,2.0,3,1.0,0.0,0.0,4.0,1.0,0.0,0.0,2.0,2.0,4.0,3.0,1.0,3.0,2.0,0.0,2.0,1.0
66,4,1.0,0.0,0,1.0,2.0,0.0,0.0,0.0,0.0,0.0,0.0,4.0,2.0,0.0,0.0,1,0.0,0.0,0.0,2.0,1,2.0,2.0,1.0,2.0,0,1.0,1.0,0.0,2.0,2.0,0.0,1.0,0.0,0.0,4.0,0.0,2.0,4.0,0.0,2.0,2.0,2.0
67,2,3.0,0.0,0,1.0,2.0,0.0,0.0,0.0,2.0,0.0,2.0,0.0,2.0,1.0,0.0,2,0.0,2.0,0.0,2.0,1,3.0,0.0,1.0,0.0,3,1.0,0.0,1.0,0.0,2.0,0.0,0.0,0.0,2.0,2.0,0.0,1.0,1.0,1.0,2.0,2.0,2.0
68,0,4.0,3.0,1,0.0,2.0,0.0,0.0,0.0,0.0,0.0,0.0,0.0,3.0,0.0,0.0,2,0.0,0.0,2.0,1.0,1,3.0,0.0,1.0,1.0,0,0.0,1.0,1.0,2.0,0.0,0.0,0.0,2.0,0.0,2.0,0.0,2.0,0.0,0.0,0.0,1.0,1.0
69,0,4.0,3.0,0,0.0,2.0,0.0,0.0,1.0,0.0,1.0,4.0,4.0,4.0,1.0,1.0,1,1.0,4.0,2.0,2.0,1,1.0,0.0,1.0,1.0,1,1.0,1.0,1.0,2.0,2.0,0.0,2.0,2.0,2.0,1.0,1.0,2.0,1.0,1.0,2.0,0.0,1.0
70,0,4.0,3.0,0,0.0,2.0,2.0,0.0,0.0,1.0,0.0,2.0,0.0,0.0,0.0,0.0,0,2.0,0.0,2.0,2.0,1,2.0,2.0,1.0,0.0,1,3.0,2.0,2.0,2.0,2.0,0.0,1.0,0.0,0.0,1.0,2.0,1.0,2.0,2.0,0.0,0.0,2.0
71,0,4.0,3.0,0,0.0,2.0,0.0,0.0,0.0,0.0,1.0,0.0,2.0,0.0,0.0,0.0,2,0.0,1.0,2.0,2.0,1,3.0,0.0,1.0,2.0,0,0.0,0.0,0.0,0.0,2.0,0.0,0.0,0.0,1.0,2.0,0.0,2.0,0.0,1.0,1.0,0.0,2.0
72,1,0.0,0.0,1,0.0,2.0,0.0,2.0,0.0,0.0,0.0,0.0,2.0,0.0,0.0,1.0,2,1.0,0.0,2.0,2.0,2,3.0,2.0,1.0,0.0,0,0.0,0.0,0.0,0.0,0.0,0.0,1.0,0.0,0.0,2.0,0.0,1.0,0.0,2.0,2.0,2.0,1.0
73,1,3.0,0.0,1,0.0,2.0,3.0,3.0,3.0,2.0,2.0,2.0,2.0,1.0,0.0,2.0,2,1.0,3.0,0.0,1.0,1,2.0,0.0,0.0,0.0,3,1.0,2.0,2.0,1.0,0.0,1.0,0.0,1.0,0.0,4.0,0.0,1.0,3.0,2.0,1.0,1.0,2.0
74,0,4.0,3.0,0,0.0,2.0,1.0,0.0,2.0,0.0,3.0,2.0,4.0,1.0,2.0,0.0,2,0.0,3.0,2.0,2.0,1,3.0,0.0,0.0,0.0,0,1.0,0.0,2.0,3.0,1.0,0.0,0.0,0.0,1.0,1.0,3.0,0.0,2.0,1.0,1.0,1.0,2.0
75,0,3.0,4.0,1,0.0,1.0,3.0,3.0,0.0,3.0,0.0,2.0,2.0,1.0,1.0,0.0,2,0.0,2.0,0.0,2.0,1,3.0,1.0,0.0,2.0,3,1.0,1.0,1.0,0.0,0.0,1.0,2.0,0.0,0.0,2.0,1.0,1.0,0.0,0.0,1.0,1.0,2.0
76,0,2.0,0.0,1,0.0,2.0,0.0,2.0,3.0,3.0,2.0,3.0,3.0,0.0,2.0,2.0,1,2.0,2.0,2.0,0.0,2,3.0,2.0,1.0,2.0,1,0.0,0.0,1.0,2.0,1.0,0.0,0.0,2.0,2.0,0.0,0.0,1.0,4.0,1.0,2.0,0.0,0.0
77,2,0.0,0.0,1,0.0,1.0,0.0,0.0,0.0,0.0,1.0,2.0,0.0,1.0,0.0,2.0,2,2.0,0.0,2.0,2.0,1,3.0,1.0,0.0,0.0,3,1.0,3.0,2.0,0.0,1.0,0.0,1.0,0.0,0.0,2.0,2.0,1.0,0.0,1.0,0.0,0.0,1.0
78,0,3.0,2.0,0,1.0,2.0,0.0,0.0,0.0,0.0,0.0,1.0,0.0,3.0,3.0,2.0,2,0.0,3.0,2.0,2.0,1,2.0,0.0,1.0,2.0,0,1.0,1.0,1.0,3.0,0.0,0.0,1.0,2.0,0.0,4.0,3.0,0.0,0.0,2.0,2.0,1.0,2.0
79,0,4.0,3.0,0,0.0,2.0,0.0,0.0,0.0,1.0,0.0,0.0,0.0,0.0,0.0,0.0,0,0.0,0.0,2.0,2.0,1,0.0,0.0,1.0,3.0,3,3.0,3.0,3.0,0.0,0.0,0.0,1.0,0.0,0.0,1.0,0.0,1.0,1.0,0.0,2.0,2.0,2.0
80,1,3.0,2.0,1,0.0,1.0,3.0,3.0,3.0,4.0,3.0,0.0,0.0,4.0,4.0,3.0,2,0.0,3.0,0.0,1.0,1,1.0,0.0,1.0,3.0,3,1.0,0.0,3.0,4.0,0.0,1.0,0.0,0.0,0.0,4.0,4.0,0.0,3.0,0.0,1.0,2.0,0.0
81,0,2.0,4.0,1,0.0,2.0,3.0,0.0,2.0,2.0,3.0,2.0,2.0,1.0,0.0,0.0,2,1.0,3.0,2.0,2.0,1,1.0,2.0,1.0,3.0,0,0.0,0.0,0.0,2.0,2.0,0.0,1.0,0.0,1.0,1.0,2.0,1.0,2.0,0.0,2.0,1.0,2.0
82,0,4.0,3.0,1,0.0,2.0,2.0,2.0,0.0,2.0,2.0,0.0,1.0,3.0,2.0,2.0,0,1.0,0.0,2.0,2.0,1,3.0,0.0,1.0,2.0,0,0.0,2.0,1.0,0.0,0.0,0.0,0.0,2.0,1.0,4.0,2.0,1.0,1.0,1.0,2.0,0.0,2.0
83,0,3.0,3.0,0,0.0,2.0,2.0,0.0,0.0,2.0,3.0,2.0,2.0,2.0,2.0,3.0,0,2.0,2.0,2.0,2.0,2,2.0,2.0,1.0,2.0,3,1.0,1.0,1.0,2.0,2.0,0.0,2.0,2.0,2.0,1.0,2.0,1.0,3.0,2.0,2.0,0.0,2.0
84,0,4.0,3.0,0,0.0,2.0,3.0,0.0,3.0,2.0,3.0,2.0,0.0,1.0,0.0,2.0,2,2.0,0.0,2.0,2.0,1,3.0,0.0,1.0,1.0,1,0.0,0.0,2.0,3.0,2.0,0.0,2.0,0.0,0.0,4.0,3.0,1.0,1.0,1.0,2.0,0.0,1.0
85,0,4.0,3.0,0,1.0,2.0,0.0,2.0,1.0,0.0,0.0,1.0,0.0,1.0,2.0,2.0,2,1.0,0.0,2.0,2.0,1,1.0,2.0,0.0,0.0,0,1.0,1.0,0.0,1.0,1.0,0.0,1.0,1.0,0.0,1.0,0.0,1.0,0.0,2.0,2.0,0.0,2.0
86,1,3.0,0.0,0,0.0,1.0,0.0,0.0,0.0,4.0,2.0,0.0,0.0,2.0,2.0,2.0,0,2.0,0.0,0.0,2.0,2,3.0,2.0,0.0,2.0,3,1.0,1.0,2.0,3.0,2.0,0.0,2.0,0.0,0.0,2.0,2.0,0.0,2.0,1.0,2.0,1.0,2.0
87,0,4.0,3.0,1,0.0,1.0,0.0,2.0,0.0,0.0,2.0,4.0,1.0,1.0,0.0,2.0,2,1.0,0.0,2.0,2.0,1,3.0,4.0,1.0,3.0,3,2.0,1.0,2.0,0.0,1.0,0.0,1.0,0.0,2.0,4.0,0.0,2.0,0.0,2.0,2.0,2.0,2.0
88,1,3.0,4.0,0,0.0,1.0,3.0,3.0,0.0,1.0,3.0,2.0,2.0,0.0,0.0,0.0,2,0.0,2.0,0.0,2.0,2,0.0,0.0,1.0,0.0,3,0.0,3.0,2.0,0.0,0.0,0.0,2.0,0.0,0.0,1.0,3.0,2.0,2.0,2.0,2.0,1.0,0.0
89,1,4.0,5.0,0,1.0,2.0,0.0,0.0,0.0,4.0,0.0,0.0,2.0,4.0,0.0,1.0,1,0.0,2.0,2.0,2.0,1,2.0,0.0,1.0,2.0,0,1.0,3.0,2.0,0.0,2.0,0.0,0.0,0.0,1.0,1.0,1.0,2.0,1.0,1.0,2.0,1.0,2.0
90,0,2.0,0.0,0,0.0,2.0,3.0,0.0,3.0,1.0,0.0,0.0,2.0,2.0,0.0,0.0,0,0.0,2.0,2.0,2.0,1,2.0,4.0,1.0,1.0,0,0.0,0.0,1.0,3.0,0.0,0.0,1.0,0.0,0.0,2.0,0.0,1.0,2.0,1.0,2.0,0.0,1.0
91,0,2.0,0.0,1,0.0,2.0,0.0,2.0,0.0,0.0,0.0,2.0,0.0,0.0,0.0,0.0,0,0.0,0.0,2.0,3.0,2,2.0,0.0,1.0,1.0,1,0.0,0.0,2.0,1.0,2.0,0.0,0.0,2.0,2.0,1.0,2.0,2.0,1.0,2.0,0.0,1.0,2.0
92,0,3.0,0.0,1,0.0,1.0,3.0,3.0,3.0,2.0,3.0,2.0,1.0,0.0,2.0,4.0,2,0.0,0.0,2.0,3.0,2,3.0,0.0,1.0,0.0,1,1.0,1.0,3.0,3.0,0.0,1.0,1.0,0.0,0.0,0.0,0.0,1.0,0.0,0.0,2.0,0.0,2.0
93,0,4.0,3.0,0,0.0,2.0,3.0,3.0,3.0,3.0,2.0,2.0,3.0,2.0,3.0,3.0,2,0.0,3.0,2.0,2.0,1,3.0,3.0,0.0,0.0,3,3.0,3.0,1.0,1.0,0.0,0.0,2.0,0.0,0.0,2.0,3.0,1.0,3.0,0.0,1.0,1.0,0.0
94,0,3.0,0.0,0,0.0,1.0,2.0,3.0,0.0,0.0,3.0,1.0,1.0,4.0,1.0,1.0,2,2.0,1.0,2.0,3.0,1,3.0,1.0,0.0,0.0,0,1.0,1.0,1.0,2.0,2.0,1.0,2.0,0.0,0.0,1.0,2.0,2.0,2.0,2.0,0.0,1.0,2.0
95,0,4.0,4.0,1,0.0,1.0,0.0,0.0,3.0,3.0,0.0,3.0,3.0,3.0,2.0,3.0,0,0.0,3.0,2.0,2.0,1,3.0,2.0,0.0,1.0,0,3.0,3.0,3.0,3.0,2.0,0.0,0.0,0.0,0.0,4.0,3.0,1.0,3.0,1.0,1.0,1.0,1.0
96,0,3.0,0.0,1,0.0,2.0,0.0,0.0,2.0,1.0,1.0,2.0,2.0,2.0,2.0,1.0,0,1.0,2.0,2.0,2.0,1,1.0,0.0,1.0,1.0,1,1.0,0.0,1.0,2.0,2.0,0.0,2.0,2.0,2.0,1.0,2.0,1.0,1.0,1.0,2.0,0.0,2.0
97,0,4.0,1.0,0,0.0,2.0,3.0,3.0,3.0,0.0,1.0,0.0,0.0,3.0,3.0,2.0,0,1.0,3.0,2.0,2.0,2,0.0,0.0,1.0,2.0,2,1.0,3.0,1.0,0.0,2.0,0.0,0.0,0.0,0.0,1.0,2.0,0.0,1.0,2.0,2.0,1.0,2.0
98,4,0.0,0.0,1,1.0,2.0,0.0,3.0,3.0,1.0,1.0,2.0,3.0,0.0,0.0,0.0,0,0.0,0.0,0.0,2.0,1,0.0,0.0,1.0,1.0,0,3.0,1.0,3.0,2.0,0.0,0.0,2.0,2.0,2.0,2.0,2.0,1.0,0.0,0.0,0.0,0.0,2.0
99,0,0.0,4.0,1,0.0,2.0,3.0,2.0,3.0,2.0,3.0,2.0,3.0,3.0,0.0,3.0,0,0.0,3.0,0.0,0.0,2,1.0,4.0,1.0,1.0,3,3.0,0.0,0.0,2.0,0.0,1.0,1.0,0.0,0.0,2.0,0.0,1.0,2.0,0.0,1.0,1.0,2.0
100,0,4.0,4.0,0,0.0,2.0,3.0,2.0,2.0,1.0,2.0,2.0,1.0,2.0,2.0,2.0,2,1.0,0.0,2.0,2.0,1,3.0,2.0,0.0,2.0,3,0.0,0.0,2.0,0.0,1.0,0.0,0.0,0.0,0.0,1.0,0.0,2.0,4.0,1.0,0.0,0.0,0.0
101,0,2.0,0.0,0,0.0,2.0,0.0,0.0,2.0,1.0,2.0,0.0,2.0,0.0,0.0,1.0,0,0.0,2.0,0.0,2.0,1,3.0,2.0,0.0,2.0,0,1.0,1.0,1.0,1.0,2.0,0.0,2.0,0.0,0.0,4.0,0.0,1.0,0.0,0.0,0.0,2.0,2.0
102,0,3.0,0.0,0,0.0,1.0,3.0,3.0,0.0,2.0,3.0,3.0,0.0,3.0,3.0,2.0,0,0.0,3.0,2.0,2.0,1,0.0,2.0,1.0,2.0,1,0.0,2.0,2.0,0.0,2.0,0.0,1.0,0.0,0.0,2.0,0.0,1.0,2.0,2.0,2.0,1.0,2.0
103,4,0.0,0.0,1,1.0,2.0,3.0,3.0,3.0,4.0,1.0,0.0,3.0,0.0,0.0,2.0,2,2.0,3.0,0.0,2.0,2,3.0,1.0,1.0,0.0,3,3.0,0.0,0.0,3.0,2.0,0.0,1.0,2.0,2.0,0.0,3.0,2.0,0.0,2.0,2.0,2.0,2.0
104,0,0.0,1.0,0,0.0,1.0,3.0,0.0,0.0,1.0,0.0,0.0,2.0,2.0,3.0,0.0,0,0.0,3.0,2.0,2.0,2,0.0,0.0,0.0,1.0,1,2.0,3.0,1.0,3.0,0.0,0.0,2.0,0.0,0.0,1.0,3.0,1.0,0.0,0.0,2.0,2.0,2.0
105,1,0.0,0.0,1,0.0,2.0,3.0,0.0,0.0,1.0,1.0,0.0,0.0,1.0,2.0,4.0,2,0.0,0.0,0.0,2.0,2,0.0,2.0,1.0,0.0,1,1.0,0.0,1.0,0.0,0.0,0.0,1.0,1.0,2.0,2.0,0.0,1.0,0.0,0.0,2.0,2.0,2.0
106,4,3.0,0.0,0,1.0,2.0,3.0,3.0,3.0,3.0,0.0,3.0,2.0,1.0,2.0,3.0,2,0.0,2.0,0.0,2.0,1,2.0,4.0,1.0,1.0,1,1.0,0.0,1.0,2.0,2.0,0.0,0.0,0.0,2.0,1.0,4.0,2.0,4.0,2.0,2.0,1.0,1.0
107,3,3.0,1.0,0,1.0,2.0,2.0,0.0,0.0,1.0,1.0,0.0,0.0,2.0,2.0,2.0,1,0.0,0.0,0.0,2.0,1,3.0,2.0,1.0,3.0,0,0.0,1.0,1.0,2.0,0.0,0.0,0.0,0.0,0.0,0.0,0.0,1.0,2.0,2.0,0.0,2.0,2.0
108,4,0.0,0.0,1,1.0,1.0,3.0,3.0,3.0,4.0,3.0,3.0,3.0,2.0,3.0,0.0,2,0.0,3.0,0.0,2.0,1,3.0,4.0,1.0,3.0,3,3.0,3.0,2.0,3.0,0.0,0.0,1.0,2.0,0.0,3.0,3.0,1.0,3.0,0.0,2.0,3.0,2.0
109,0,3.0,0.0,1,0.0,2.0,0.0,0.0,0.0,4.0,2.0,2.0,3.0,3.0,3.0,2.0,0,2.0,2.0,2.0,0.0,2,2.0,0.0,1.0,2.0,3,0.0,0.0,1.0,0.0,2.0,0.0,2.0,2.0,2.0,1.0,2.0,2.0,3.0,2.0,2.0,2.0,2.0
110,0,2.0,3.0,0,0.0,1.0,3.0,0.0,3.0,4.0,3.0,3.0,0.0,3.0,3.0,3.0,0,2.0,3.0,0.0,2.0,1,1.0,0.0,1.0,0.0,3,0.0,3.0,0.0,1.0,0.0,0.0,0.0,0.0,2.0,4.0,0.0,1.0,2.0,1.0,2.0,2.0,1.0
111,0,2.0,0.0,1,0.0,2.0,3.0,0.0,2.0,3.0,0.0,1.0,1.0,4.0,1.0,2.0,2,0.0,1.0,2.0,2.0,1,3.0,2.0,0.0,0.0,3,0.0,3.0,1.0,0.0,1.0,0.0,1.0,0.0,0.0,1.0,0.0,1.0,4.0,1.0,2.0,1.0,1.0
112,0,3.0,1.0,0,0.0,1.0,0.0,0.0,2.0,1.0,2.0,0.0,0.0,1.0,0.0,2.0,2,2.0,0.0,2.0,2.0,2,0.0,0.0,1.0,2.0,0,1.0,3.0,0.0,0.0,1.0,0.0,0.0,0.0,2.0,1.0,0.0,2.0,2.0,1.0,2.0,1.0,2.0
113,4,3.0,1.0,1,1.0,1.0,3.0,3.0,3.0,1.0,3.0,0.0,3.0,2.0,1.0,0.0,3,1.0,0.0,0.0,2.0,1,0.0,0.0,1.0,1.0,2,0.0,3.0,0.0,0.0,0.0,0.0,0.0,1.0,2.0,1.0,3.0,2.0,2.0,1.0,1.0,2.0,2.0
114,0,3.0,0.0,0,0.0,1.0,0.0,2.0,2.0,4.0,0.0,2.0,2.0,0.0,0.0,1.0,0,0.0,0.0,2.0,2.0,1,3.0,0.0,1.0,2.0,0,0.0,2.0,1.0,4.0,0.0,0.0,0.0,2.0,0.0,4.0,0.0,2.0,0.0,0.0,1.0,1.0,2.0
115,4,1.0,0.0,1,1.0,2.0,0.0,0.0,3.0,4.0,0.0,0.0,0.0,1.0,0.0,2.0,1,0.0,0.0,0.0,2.0,1,3.0,0.0,1.0,2.0,0,3.0,3.0,2.0,1.0,0.0,0.0,0.0,0.0,2.0,4.0,2.0,1.0,2.0,0.0,2.0,3.0,2.0
116,5,0.0,0.0,1,1.0,1.0,3.0,3.0,3.0,3.0,3.0,3.0,0.0,3.0,3.0,3.0,2,0.0,3.0,0.0,2.0,1,0.0,4.0,1.0,0.0,0,0.0,0.0,0.0,0.0,0.0,0.0,0.0,2.0,0.0,2.0,2.0,1.0,0.0,2.0,2.0,1.0,2.0
117,0,4.0,3.0,0,0.0,2.0,0.0,0.0,2.0,1.0,0.0,3.0,3.0,1.0,0.0,0.0,0,0.0,3.0,2.0,2.0,1,3.0,2.0,0.0,3.0,0,0.0,3.0,3.0,0.0,0.0,0.0,2.0,0.0,0.0,1.0,0.0,1.0,1.0,1.0,2.0,0.0,1.0
118,4,4.0,4.0,0,1.0,2.0,3.0,3.0,0.0,4.0,4.0,3.0,2.0,0.0,3.0,3.0,0,0.0,0.0,2.0,2.0,1,0.0,0.0,1.0,2.0,1,3.0,3.0,1.0,0.0,1.0,0.0,0.0,2.0,0.0,4.0,3.0,1.0,4.0,1.0,2.0,0.0,2.0
119,4,1.0,0.0,1,1.0,2.0,3.0,3.0,0.0,2.0,3.0,3.0,3.0,1.0,1.0,2.0,2,0.0,1.0,2.0,2.0,1,3.0,4.0,1.0,1.0,3,3.0,0.0,0.0,0.0,0.0,0.0,0.0,0.0,0.0,0.0,0.0,2.0,2.0,1.0,2.0,2.0,1.0
120,0,5.0,4.0,1,0.0,1.0,0.0,0.0,2.0,2.0,0.0,1.0,0.0,0.0,3.0,0.0,0,0.0,3.0,0.0,3.0,2,3.0,0.0,1.0,0.0,0,0.0,0.0,1.0,2.0,2.0,0.0,1.0,2.0,1.0,1.0,3.0,1.0,0.0,1.0,1.0,1.0,2.0
121,0,4.0,4.0,1,0.0,1.0,0.0,0.0,0.0,1.0,0.0,0.0,0.0,0.0,0.0,0.0,0,2.0,0.0,2.0,2.0,1,2.0,0.0,1.0,0.0,0,0.0,0.0,1.0,2.0,1.0,0.0,2.0,2.0,1.0,1.0,2.0,1.0,0.0,1.0,2.0,0.0,2.0
122,5,3.0,2.0,1,1.0,2.0,3.0,0.0,3.0,3.0,3.0,0.0,3.0,3.0,4.0,0.0,2,0.0,3.0,0.0,2.0,1,2.0,1.0,1.0,2.0,0,0.0,0.0,1.0,0.0,0.0,0.0,0.0,0.0,0.0,2.0,3.0,2.0,2.0,1.0,2.0,1.0,1.0
123,2,2.0,1.0,1,1.0,1.0,2.0,1.0,0.0,2.0,0.0,0.0,2.0,0.0,0.0,0.0,3,1.0,4.0,0.0,2.0,1,3.0,2.0,0.0,0.0,3,3.0,3.0,3.0,0.0,0.0,0.0,2.0,0.0,0.0,2.0,1.0,2.0,1.0,0.0,2.0,2.0,2.0
124,0,2.0,0.0,1,0.0,1.0,2.0,2.0,3.0,3.0,3.0,3.0,3.0,1.0,3.0,3.0,0,0.0,0.0,2.0,2.0,1,2.0,2.0,0.0,1.0,1,1.0,1.0,1.0,2.0,2.0,0.0,1.0,0.0,1.0,3.0,2.0,1.0,2.0,2.0,1.0,1.0,2.0
125,0,4.0,4.0,0,0.0,1.0,3.0,3.0,3.0,1.0,3.0,2.0,0.0,0.0,3.0,3.0,0,0.0,0.0,2.0,2.0,1,3.0,2.0,1.0,1.0,0,1.0,1.0,1.0,0.0,2.0,0.0,2.0,0.0,0.0,4.0,2.0,1.0,0.0,0.0,2.0,1.0,2.0
126,0,4.0,3.0,1,0.0,2.0,3.0,3.0,3.0,3.0,3.0,3.0,3.0,4.0,3.0,3.0,2,0.0,3.0,2.0,2.0,1,3.0,4.0,1.0,2.0,0,2.0,0.0,2.0,3.0,0.0,0.0,0.0,0.0,0.0,4.0,2.0,1.0,0.0,2.0,2.0,1.0,2.0
127,0,4.0,3.0,1,0.0,2.0,3.0,0.0,0.0,4.0,0.0,0.0,0.0,2.0,3.0,3.0,2,0.0,1.0,2.0,2.0,2,3.0,2.0,1.0,1.0,0,0.0,0.0,0.0,2.0,2.0,0.0,1.0,0.0,0.0,2.0,2.0,1.0,2.0,2.0,2.0,0.0,2.0
128,1,2.0,0.0,0,1.0,2.0,3.0,3.0,3.0,4.0,3.0,1.0,0.0,1.0,0.0,2.0,2,0.0,3.0,0.0,2.0,1,3.0,0.0,1.0,2.0,0,3.0,0.0,1.0,0.0,0.0,0.0,1.0,0.0,0.0,1.0,3.0,1.0,0.0,1.0,2.0,0.0,1.0
129,4,1.0,2.0,1,1.0,2.0,3.0,3.0,3.0,0.0,3.0,3.0,3.0,4.0,1.0,3.0,0,0.0,4.0,2.0,2.0,2,0.0,4.0,1.0,2.0,3,3.0,3.0,3.0,3.0,0.0,0.0,0.0,0.0,0.0,0.0,3.0,2.0,0.0,2.0,2.0,3.0,2.0
130,2,3.0,0.0,1,1.0,1.0,2.0,3.0,3.0,1.0,2.0,0.0,2.0,4.0,1.0,1.0,0,0.0,2.0,0.0,2.0,1,0.0,4.0,1.0,3.0,1,2.0,1.0,3.0,3.0,0.0,1.0,0.0,0.0,0.0,2.0,0.0,1.0,2.0,1.0,0.0,0.0,2.0
131,1,0.0,0.0,1,0.0,1.0,0.0,3.0,0.0,1.0,0.0,2.0,0.0,2.0,1.0,2.0,0,1.0,2.0,2.0,2.0,1,3.0,1.0,0.0,3.0,3,3.0,3.0,3.0,3.0,0.0,0.0,1.0,0.0,0.0,2.0,2.0,1.0,2.0,2.0,2.0,0.0,1.0
132,4,0.0,0.0,1,1.0,2.0,3.0,3.0,3.0,1.0,3.0,0.0,3.0,4.0,0.0,1.0,0,1.0,1.0,2.0,2.0,1,2.0,4.0,1.0,2.0,0,0.0,0.0,0.0,1.0,0.0,0.0,0.0,0.0,0.0,2.0,0.0,1.0,1.0,1.0,1.0,1.0,0.0
133,5,0.0,0.0,1,1.0,2.0,0.0,0.0,0.0,1.0,0.0,0.0,0.0,2.0,2.0,2.0,1,0.0,0.0,0.0,2.0,1,0.0,4.0,1.0,1.0,0,0.0,0.0,0.0,2.0,0.0,0.0,1.0,0.0,0.0,0.0,0.0,2.0,2.0,2.0,0.0,1.0,2.0
134,2,3.0,2.0,0,0.0,2.0,3.0,3.0,0.0,0.0,3.0,0.0,3.0,0.0,0.0,2.0,0,0.0,0.0,2.0,2.0,2,0.0,2.0,0.0,0.0,3,3.0,0.0,1.0,2.0,0.0,0.0,2.0,0.0,0.0,1.0,0.0,1.0,2.0,2.0,2.0,2.0,2.0
135,4,3.0,0.0,1,1.0,1.0,0.0,0.0,0.0,1.0,3.0,3.0,1.0,4.0,2.0,2.0,0,0.0,4.0,0.0,2.0,1,0.0,4.0,1.0,1.0,1,1.0,1.0,1.0,3.0,1.0,0.0,1.0,0.0,0.0,3.0,2.0,1.0,2.0,1.0,2.0,2.0,2.0
136,4,0.0,2.0,1,1.0,2.0,3.0,3.0,3.0,1.0,3.0,4.0,4.0,4.0,4.0,4.0,1,1.0,0.0,2.0,3.0,2,2.0,4.0,1.0,2.0,1,3.0,1.0,1.0,0.0,0.0,0.0,1.0,0.0,0.0,1.0,0.0,0.0,0.0,1.0,0.0,3.0,2.0
137,0,3.0,0.0,1,0.0,2.0,3.0,3.0,0.0,4.0,3.0,0.0,0.0,4.0,1.0,0.0,2,0.0,1.0,0.0,2.0,1,0.0,0.0,1.0,1.0,0,3.0,3.0,2.0,0.0,0.0,0.0,1.0,0.0,0.0,1.0,0.0,1.0,0.0,2.0,2.0,2.0,1.0
138,0,4.0,3.0,0,0.0,2.0,3.0,3.0,3.0,3.0,3.0,2.0,1.0,4.0,2.0,1.0,0,0.0,3.0,2.0,2.0,1,3.0,4.0,1.0,1.0,2,1.0,0.0,2.0,0.0,0.0,0.0,1.0,0.0,0.0,1.0,0.0,1.0,3.0,1.0,2.0,1.0,2.0
139,0,4.0,3.0,0,0.0,2.0,3.0,3.0,3.0,3.0,3.0,2.0,1.0,4.0,2.0,1.0,0,0.0,3.0,2.0,2.0,1,3.0,4.0,1.0,1.0,2,1.0,0.0,2.0,0.0,0.0,0.0,1.0,0.0,0.0,1.0,0.0,2.0,3.0,1.0,2.0,1.0,2.0
140,4,0.0,1.0,1,1.0,1.0,3.0,0.0,3.0,4.0,3.0,2.0,0.0,0.0,0.0,1.0,1,1.0,2.0,0.0,2.0,1,0.0,4.0,1.0,0.0,1,0.0,1.0,1.0,3.0,2.0,0.0,1.0,0.0,2.0,4.0,2.0,2.0,1.0,1.0,2.0,2.0,2.0
141,2,3.0,1.0,1,0.0,1.0,3.0,3.0,3.0,0.0,3.0,3.0,3.0,4.0,1.0,0.0,0,0.0,3.0,0.0,2.0,1,0.0,4.0,0.0,2.0,1,0.0,3.0,3.0,0.0,0.0,0.0,0.0,0.0,0.0,2.0,0.0,2.0,2.0,1.0,0.0,1.0,2.0
142,4,0.0,0.0,1,1.0,2.0,3.0,3.0,3.0,4.0,0.0,0.0,1.0,2.0,2.0,2.0,1,0.0,0.0,0.0,1.0,2,0.0,0.0,0.0,1.0,1,1.0,1.0,2.0,2.0,2.0,0.0,1.0,0.0,0.0,4.0,3.0,1.0,0.0,2.0,2.0,2.0,1.0
143,4,0.0,1.0,1,1.0,1.0,0.0,0.0,0.0,4.0,0.0,2.0,2.0,4.0,0.0,0.0,2,0.0,0.0,0.0,1.0,2,3.0,4.0,1.0,0.0,3,3.0,3.0,1.0,1.0,2.0,0.0,1.0,0.0,0.0,1.0,0.0,1.0,2.0,2.0,2.0,2.0,2.0
144,0,2.0,0.0,0,0.0,2.0,3.0,0.0,0.0,4.0,4.0,0.0,3.0,0.0,0.0,2.0,0,0.0,0.0,2.0,2.0,2,2.0,4.0,0.0,3.0,0,3.0,0.0,1.0,2.0,0.0,0.0,2.0,0.0,2.0,4.0,2.0,1.0,0.0,2.0,2.0,1.0,2.0
145,1,2.0,2.0,0,0.0,2.0,3.0,3.0,0.0,3.0,0.0,3.0,0.0,3.0,2.0,2.0,2,0.0,0.0,0.0,2.0,2,3.0,3.0,0.0,2.0,3,2.0,1.0,2.0,0.0,1.0,0.0,2.0,0.0,0.0,4.0,3.0,1.0,0.0,1.0,2.0,1.0,1.0
146,3,2.0,1.0,1,1.0,1.0,3.0,3.0,2.0,0.0,3.0,0.0,0.0,2.0,2.0,1.0,2,1.0,2.0,0.0,2.0,1,0.0,0.0,0.0,1.0,1,0.0,1.0,1.0,3.0,1.0,0.0,1.0,2.0,2.0,3.0,0.0,2.0,2.0,1.0,2.0,1.0,2.0
147,1,5.0,0.0,1,0.0,2.0,3.0,0.0,0.0,0.0,3.0,2.0,2.0,2.0,0.0,2.0,0,0.0,0.0,0.0,2.0,1,2.0,4.0,1.0,1.0,3,1.0,3.0,2.0,3.0,2.0,0.0,1.0,0.0,0.0,1.0,0.0,1.0,2.0,1.0,2.0,0.0,1.0
148,4,1.0,0.0,1,1.0,2.0,0.0,0.0,0.0,1.0,0.0,2.0,0.0,1.0,2.0,2.0,0,0.0,1.0,2.0,2.0,1,0.0,4.0,1.0,0.0,3,3.0,0.0,2.0,0.0,0.0,0.0,0.0,0.0,0.0,2.0,0.0,1.0,4.0,1.0,2.0,3.0,1.0
149,0,2.0,0.0,1,0.0,2.0,3.0,3.0,4.0,3.0,3.0,0.0,4.0,4.0,2.0,0.0,0,0.0,3.0,2.0,0.0,0,2.0,4.0,1.0,0.0,3,2.0,1.0,2.0,4.0,0.0,1.0,0.0,0.0,0.0,4.0,0.0,2.0,3.0,2.0,2.0,2.0,1.0
150,0,2.0,0.0,1,0.0,2.0,3.0,0.0,3.0,0.0,2.0,2.0,0.0,3.0,0.0,4.0,2,1.0,2.0,2.0,2.0,1,2.0,2.0,0.0,0.0,0,1.0,0.0,1.0,0.0,2.0,0.0,2.0,2.0,2.0,1.0,1.0,2.0,2.0,2.0,1.0,0.0,2.0
151,1,2.0,2.0,1,0.0,2.0,0.0,0.0,0.0,0.0,0.0,0.0,0.0,0.0,0.0,0.0,0,1.0,4.0,2.0,2.0,1,2.0,0.0,0.0,3.0,3,3.0,2.0,3.0,0.0,0.0,0.0,1.0,1.0,1.0,0.0,0.0,0.0,2.0,0.0,0.0,1.0,2.0
152,5,1.0,0.0,1,1.0,1.0,3.0,3.0,0.0,4.0,3.0,4.0,2.0,2.0,2.0,0.0,0,0.0,3.0,1.0,1.0,1,0.0,2.0,0.0,1.0,1,2.0,0.0,1.0,4.0,0.0,0.0,0.0,0.0,0.0,4.0,3.0,1.0,0.0,0.0,1.0,2.0,0.0
153,5,3.0,2.0,1,1.0,2.0,3.0,0.0,0.0,4.0,3.0,2.0,3.0,1.0,2.0,3.0,2,0.0,0.0,2.0,2.0,2,2.0,0.0,1.0,2.0,3,0.0,3.0,3.0,3.0,2.0,0.0,0.0,0.0,0.0,2.0,2.0,2.0,3.0,2.0,2.0,3.0,2.0
154,0,2.0,0.0,1,0.0,2.0,0.0,3.0,3.0,0.0,0.0,2.0,0.0,1.0,1.0,0.0,2,0.0,0.0,2.0,3.0,1,3.0,0.0,1.0,1.0,0,0.0,3.0,3.0,3.0,2.0,0.0,1.0,1.0,1.0,4.0,3.0,1.0,1.0,1.0,2.0,1.0,1.0
155,0,4.0,3.0,0,0.0,2.0,0.0,3.0,3.0,1.0,3.0,3.0,1.0,0.0,3.0,0.0,2,1.0,3.0,2.0,2.0,1,3.0,0.0,1.0,0.0,0,3.0,3.0,3.0,2.0,0.0,0.0,0.0,0.0,1.0,2.0,0.0,1.0,2.0,0.0,1.0,1.0,2.0
156,0,2.0,0.0,0,0.0,2.0,0.0,0.0,0.0,4.0,1.0,2.0,0.0,0.0,0.0,2.0,0,2.0,0.0,2.0,2.0,1,3.0,2.0,0.0,1.0,0,0.0,0.0,2.0,0.0,2.0,0.0,2.0,2.0,1.0,2.0,0.0,2.0,2.0,1.0,2.0,0.0,2.0
157,0,2.0,0.0,1,0.0,2.0,0.0,0.0,2.0,0.0,1.0,4.0,0.0,3.0,3.0,1.0,2,0.0,3.0,2.0,2.0,1,3.0,1.0,0.0,2.0,0,1.0,1.0,1.0,0.0,0.0,0.0,2.0,1.0,0.0,4.0,0.0,1.0,0.0,0.0,1.0,0.0,2.0
158,0,5.0,0.0,1,0.0,2.0,2.0,0.0,0.0,3.0,1.0,3.0,2.0,0.0,2.0,3.0,2,1.0,3.0,0.0,2.0,2,3.0,2.0,0.0,2.0,3,3.0,0.0,3.0,3.0,0.0,0.0,0.0,0.0,0.0,3.0,0.0,1.0,2.0,1.0,2.0,1.0,2.0
159,0,2.0,3.0,1,0.0,2.0,3.0,3.0,3.0,4.0,3.0,0.0,2.0,0.0,0.0,0.0,0,1.0,0.0,2.0,2.0,2,3.0,0.0,1.0,2.0,3,1.0,2.0,2.0,2.0,0.0,0.0,1.0,2.0,2.0,2.0,0.0,2.0,2.0,2.0,2.0,1.0,2.0
160,0,2.0,0.0,1,0.0,2.0,3.0,3.0,3.0,3.0,3.0,2.0,3.0,3.0,3.0,3.0,2,1.0,3.0,2.0,2.0,1,3.0,0.0,1.0,1.0,0,1.0,0.0,2.0,0.0,1.0,0.0,2.0,0.0,2.0,1.0,2.0,2.0,3.0,1.0,2.0,2.0,2.0
161,3,4.0,5.0,0,1.0,2.0,0.0,0.0,0.0,4.0,4.0,2.0,0.0,0.0,2.0,0.0,1,2.0,0.0,0.0,2.0,1,3.0,0.0,1.0,0.0,0,0.0,0.0,2.0,1.0,1.0,0.0,0.0,1.0,2.0,4.0,0.0,1.0,2.0,1.0,2.0,1.0,2.0
162,2,2.0,4.0,1,1.0,2.0,3.0,3.0,0.0,4.0,3.0,0.0,0.0,0.0,2.0,2.0,0,2.0,3.0,0.0,2.0,2,2.0,0.0,1.0,0.0,0,3.0,1.0,1.0,2.0,2.0,0.0,1.0,0.0,1.0,2.0,0.0,2.0,2.0,2.0,2.0,0.0,1.0
163,1,2.0,0.0,0,0.0,2.0,3.0,3.0,0.0,4.0,2.0,0.0,0.0,1.0,3.0,3.0,2,0.0,2.0,2.0,2.0,1,1.0,2.0,1.0,2.0,1,1.0,3.0,3.0,2.0,2.0,0.0,0.0,0.0,2.0,2.0,0.0,1.0,0.0,0.0,2.0,0.0,2.0
164,5,0.0,1.0,1,1.0,2.0,3.0,0.0,0.0,4.0,0.0,0.0,3.0,4.0,2.0,2.0,1,2.0,1.0,0.0,2.0,1,0.0,0.0,0.0,1.0,2,0.0,1.0,0.0,0.0,0.0,0.0,0.0,0.0,0.0,1.0,2.0,2.0,4.0,1.0,2.0,1.0,1.0
165,4,0.0,0.0,1,1.0,1.0,3.0,3.0,3.0,4.0,0.0,0.0,1.0,1.0,0.0,0.0,0,2.0,0.0,2.0,2.0,1,0.0,4.0,0.0,0.0,0,0.0,1.0,0.0,0.0,1.0,0.0,1.0,0.0,0.0,2.0,2.0,1.0,2.0,1.0,2.0,1.0,2.0
166,0,2.0,0.0,0,0.0,1.0,0.0,2.0,2.0,2.0,1.0,1.0,1.0,2.0,2.0,2.0,0,2.0,2.0,2.0,1.0,1,1.0,0.0,0.0,1.0,3,3.0,1.0,1.0,1.0,2.0,0.0,2.0,2.0,2.0,2.0,2.0,1.0,2.0,2.0,0.0,1.0,2.0
167,1,2.0,0.0,0,0.0,2.0,3.0,2.0,0.0,3.0,3.0,0.0,2.0,0.0,3.0,0.0,2,0.0,0.0,0.0,2.0,1,1.0,1.0,0.0,3.0,3,3.0,1.0,2.0,2.0,1.0,0.0,1.0,2.0,2.0,2.0,3.0,2.0,3.0,0.0,2.0,1.0,1.0
168,0,4.0,3.0,0,0.0,2.0,0.0,0.0,2.0,0.0,3.0,2.0,2.0,1.0,2.0,0.0,2,1.0,1.0,2.0,2.0,1,3.0,1.0,0.0,2.0,3,0.0,0.0,2.0,3.0,1.0,0.0,0.0,0.0,0.0,4.0,3.0,1.0,4.0,1.0,2.0,0.0,1.0
169,0,3.0,3.0,0,0.0,2.0,2.0,0.0,0.0,2.0,3.0,2.0,2.0,2.0,2.0,3.0,0,2.0,2.0,2.0,2.0,2,2.0,2.0,0.0,2.0,3,1.0,1.0,1.0,2.0,2.0,0.0,2.0,2.0,2.0,1.0,2.0,1.0,3.0,2.0,2.0,1.0,2.0
170,0,5.0,1.0,0,0.0,2.0,3.0,3.0,3.0,3.0,3.0,2.0,2.0,2.0,3.0,2.0,0,0.0,0.0,0.0,2.0,2,0.0,4.0,1.0,2.0,0,1.0,1.0,1.0,0.0,1.0,0.0,1.0,0.0,0.0,4.0,4.0,2.0,2.0,2.0,2.0,2.0,2.0
171,1,3.0,0.0,0,0.0,1.0,3.0,3.0,3.0,1.0,3.0,2.0,0.0,2.0,2.0,0.0,0,0.0,0.0,0.0,2.0,1,0.0,4.0,1.0,2.0,3,1.0,1.0,0.0,3.0,0.0,0.0,1.0,0.0,0.0,1.0,3.0,1.0,0.0,0.0,2.0,1.0,2.0
172,0,5.0,0.0,1,0.0,2.0,0.0,3.0,0.0,3.0,3.0,1.0,0.0,0.0,0.0,0.0,2,2.0,0.0,0.0,2.0,1,3.0,2.0,1.0,1.0,3,3.0,1.0,3.0,0.0,1.0,0.0,1.0,2.0,2.0,1.0,3.0,1.0,2.0,1.0,2.0,1.0,1.0
173,2,1.0,0.0,1,1.0,1.0,0.0,0.0,3.0,1.0,0.0,0.0,0.0,1.0,0.0,2.0,2,2.0,0.0,2.0,2.0,1,3.0,0.0,1.0,1.0,1,3.0,0.0,1.0,0.0,0.0,0.0,1.0,1.0,0.0,0.0,0.0,1.0,1.0,1.0,1.0,3.0,2.0
174,4,4.0,2.0,0,1.0,1.0,3.0,0.0,3.0,4.0,3.0,3.0,1.0,4.0,0.0,0.0,2,0.0,3.0,2.0,2.0,1,1.0,1.0,1.0,0.0,3,0.0,0.0,0.0,3.0,0.0,1.0,1.0,0.0,0.0,2.0,2.0,0.0,0.0,0.0,2.0,2.0,2.0
175,5,0.0,0.0,1,1.0,2.0,3.0,3.0,3.0,1.0,2.0,0.0,3.0,0.0,0.0,0.0,0,0.0,0.0,0.0,0.0,2,2.0,0.0,0.0,1.0,0,1.0,0.0,0.0,2.0,2.0,0.0,2.0,0.0,2.0,2.0,3.0,1.0,2.0,1.0,2.0,2.0,1.0
176,0,4.0,3.0,0,0.0,2.0,3.0,0.0,0.0,2.0,2.0,0.0,3.0,3.0,3.0,2.0,0,0.0,3.0,2.0,2.0,2,3.0,0.0,0.0,1.0,1,2.0,3.0,1.0,0.0,0.0,0.0,1.0,0.0,2.0,1.0,3.0,1.0,1.0,1.0,2.0,1.0,1.0
177,0,2.0,2.0,1,0.0,2.0,0.0,2.0,0.0,2.0,2.0,3.0,2.0,3.0,2.0,2.0,0,1.0,0.0,0.0,2.0,2,2.0,4.0,0.0,2.0,1,3.0,0.0,2.0,2.0,0.0,0.0,1.0,0.0,0.0,2.0,0.0,2.0,2.0,2.0,2.0,0.0,0.0
178,1,4.0,4.0,0,0.0,2.0,3.0,0.0,3.0,3.0,4.0,2.0,0.0,1.0,4.0,4.0,2,1.0,2.0,2.0,0.0,2,3.0,2.0,1.0,2.0,3,0.0,1.0,2.0,2.0,1.0,1.0,0.0,0.0,2.0,4.0,3.0,1.0,4.0,1.0,2.0,0.0,2.0
179,1,4.0,3.0,0,0.0,2.0,0.0,0.0,3.0,4.0,2.0,2.0,0.0,0.0,0.0,0.0,0,0.0,2.0,2.0,2.0,1,0.0,4.0,1.0,2.0,0,1.0,1.0,1.0,0.0,0.0,0.0,0.0,0.0,2.0,1.0,0.0,1.0,3.0,1.0,2.0,1.0,2.0
180,4,1.0,0.0,1,1.0,2.0,0.0,0.0,0.0,1.0,1.0,0.0,0.0,0.0,0.0,2.0,0,1.0,0.0,0.0,0.0,2,2.0,2.0,1.0,0.0,0,0.0,1.0,1.0,2.0,1.0,0.0,1.0,2.0,2.0,2.0,0.0,1.0,2.0,1.0,0.0,0.0,2.0
181,1,2.0,0.0,0,0.0,2.0,0.0,3.0,2.0,3.0,2.0,0.0,0.0,2.0,2.0,0.0,2,0.0,0.0,2.0,2.0,1,1.0,2.0,1.0,3.0,1,3.0,0.0,0.0,3.0,2.0,0.0,2.0,0.0,0.0,1.0,2.0,1.0,0.0,2.0,2.0,0.0,2.0
182,0,4.0,3.0,0,0.0,2.0,0.0,3.0,2.0,4.0,3.0,1.0,0.0,4.0,3.0,2.0,2,1.0,2.0,2.0,2.0,1,3.0,0.0,1.0,2.0,3,2.0,3.0,2.0,2.0,0.0,1.0,1.0,0.0,0.0,4.0,2.0,2.0,1.0,1.0,2.0,1.0,2.0
183,0,5.0,0.0,1,0.0,2.0,2.0,2.0,2.0,0.0,0.0,0.0,0.0,1.0,0.0,2.0,2,0.0,0.0,0.0,0.0,1,3.0,2.0,1.0,2.0,0,0.0,0.0,0.0,0.0,2.0,0.0,1.0,0.0,0.0,0.0,0.0,1.0,2.0,0.0,0.0,1.0,0.0
184,0,2.0,0.0,1,0.0,2.0,3.0,3.0,3.0,4.0,0.0,0.0,0.0,0.0,3.0,2.0,0,0.0,3.0,2.0,2.0,1,2.0,0.0,0.0,0.0,3,0.0,3.0,0.0,0.0,2.0,0.0,0.0,0.0,0.0,2.0,3.0,1.0,0.0,0.0,2.0,2.0,2.0
185,5,1.0,1.0,1,1.0,1.0,0.0,2.0,0.0,1.0,0.0,1.0,2.0,2.0,2.0,2.0,0,1.0,2.0,0.0,2.0,2,1.0,0.0,0.0,0.0,0,3.0,0.0,2.0,0.0,0.0,0.0,0.0,0.0,1.0,2.0,0.0,2.0,2.0,2.0,2.0,2.0,2.0
186,3,0.0,1.0,1,1.0,1.0,3.0,3.0,0.0,2.0,0.0,1.0,2.0,2.0,0.0,1.0,0,0.0,0.0,2.0,2.0,1,0.0,0.0,0.0,3.0,3,0.0,0.0,0.0,0.0,1.0,0.0,2.0,0.0,0.0,2.0,2.0,2.0,0.0,1.0,2.0,1.0,2.0
187,1,0.0,0.0,1,0.0,2.0,0.0,0.0,0.0,1.0,0.0,0.0,0.0,0.0,0.0,0.0,0,0.0,0.0,0.0,2.0,2,3.0,2.0,1.0,3.0,3,3.0,0.0,3.0,0.0,0.0,0.0,1.0,0.0,1.0,0.0,0.0,1.0,0.0,0.0,2.0,2.0,2.0
188,1,5.0,0.0,1,0.0,2.0,2.0,2.0,2.0,2.0,0.0,0.0,0.0,1.0,2.0,2.0,0,0.0,1.0,2.0,2.0,1,2.0,2.0,1.0,0.0,1,1.0,1.0,1.0,2.0,0.0,0.0,2.0,2.0,2.0,2.0,1.0,1.0,1.0,1.0,0.0,2.0,2.0
189,4,1.0,0.0,1,1.0,1.0,0.0,0.0,0.0,4.0,0.0,0.0,2.0,1.0,0.0,2.0,3,0.0,2.0,0.0,1.0,2,2.0,0.0,1.0,2.0,1,0.0,0.0,1.0,2.0,2.0,0.0,1.0,2.0,2.0,2.0,2.0,2.0,2.0,2.0,2.0,2.0,2.0
190,4,3.0,2.0,1,1.0,2.0,0.0,0.0,0.0,1.0,0.0,1.0,2.0,1.0,2.0,2.0,2,1.0,2.0,0.0,2.0,1,3.0,0.0,1.0,3.0,3,1.0,1.0,0.0,3.0,0.0,0.0,1.0,0.0,0.0,1.0,2.0,0.0,2.0,2.0,2.0,2.0,1.0
191,4,2.0,0.0,0,0.0,1.0,3.0,3.0,0.0,3.0,3.0,2.0,4.0,4.0,0.0,3.0,0,0.0,0.0,0.0,2.0,1,3.0,4.0,1.0,2.0,1,1.0,0.0,0.0,3.0,2.0,0.0,0.0,0.0,2.0,2.0,2.0,1.0,1.0,1.0,2.0,2.0,2.0
192,4,1.0,0.0,1,1.0,1.0,0.0,0.0,0.0,2.0,0.0,0.0,0.0,1.0,1.0,2.0,0,0.0,0.0,2.0,2.0,2,1.0,2.0,0.0,2.0,0,3.0,3.0,2.0,2.0,1.0,0.0,0.0,0.0,0.0,0.0,0.0,2.0,4.0,1.0,2.0,2.0,1.0
193,0,2.0,0.0,1,0.0,2.0,3.0,3.0,2.0,3.0,0.0,2.0,2.0,2.0,2.0,0.0,2,0.0,0.0,0.0,2.0,1,3.0,0.0,0.0,3.0,3,3.0,3.0,1.0,2.0,1.0,0.0,0.0,1.0,0.0,0.0,2.0,1.0,2.0,2.0,2.0,2.0,1.0
194,3,3.0,1.0,1,1.0,1.0,0.0,3.0,0.0,4.0,2.0,0.0,0.0,3.0,3.0,0.0,0,1.0,0.0,0.0,2.0,2,0.0,4.0,1.0,0.0,1,3.0,1.0,2.0,2.0,2.0,0.0,0.0,2.0,2.0,2.0,2.0,2.0,2.0,2.0,2.0,1.0,2.0
195,4,0.0,0.0,1,1.0,2.0,0.0,0.0,3.0,0.0,0.0,0.0,0.0,0.0,0.0,2.0,2,0.0,2.0,0.0,2.0,1,3.0,0.0,1.0,0.0,0,0.0,1.0,0.0,3.0,2.0,0.0,1.0,0.0,2.0,0.0,0.0,1.0,1.0,1.0,2.0,0.0,2.0
196,1,4.0,3.0,1,0.0,1.0,3.0,3.0,3.0,3.0,3.0,4.0,3.0,4.0,3.0,3.0,2,0.0,2.0,2.0,2.0,1,3.0,4.0,1.0,2.0,3,3.0,3.0,2.0,3.0,0.0,0.0,0.0,0.0,0.0,4.0,3.0,2.0,4.0,1.0,2.0,0.0,1.0
197,0,4.0,4.0,0,0.0,2.0,0.0,0.0,0.0,2.0,2.0,0.0,0.0,0.0,3.0,2.0,1,0.0,0.0,2.0,2.0,1,3.0,0.0,1.0,1.0,1,0.0,1.0,1.0,3.0,2.0,0.0,2.0,0.0,1.0,2.0,3.0,1.0,1.0,1.0,2.0,0.0,2.0
198,0,2.0,0.0,0,0.0,1.0,2.0,2.0,0.0,2.0,0.0,2.0,2.0,2.0,0.0,2.0,2,1.0,3.0,2.0,2.0,1,2.0,0.0,0.0,2.0,3,2.0,2.0,1.0,0.0,2.0,1.0,1.0,0.0,2.0,4.0,3.0,1.0,2.0,1.0,0.0,0.0,2.0
199,1,3.0,0.0,1,0.0,1.0,3.0,3.0,3.0,0.0,3.0,0.0,0.0,2.0,3.0,3.0,0,2.0,3.0,1.0,2.0,1,3.0,2.0,0.0,3.0,3,3.0,2.0,3.0,1.0,0.0,0.0,1.0,2.0,0.0,2.0,3.0,1.0,3.0,2.0,1.0,0.0,0.0
200,0,4.0,3.0,0,0.0,2.0,3.0,3.0,1.0,1.0,3.0,0.0,1.0,1.0,3.0,1.0,2,0.0,2.0,2.0,2.0,1,3.0,3.0,0.0,3.0,3,3.0,3.0,2.0,3.0,0.0,0.0,1.0,0.0,0.0,4.0,3.0,1.0,1.0,2.0,2.0,0.0,1.0
201,0,4.0,3.0,1,0.0,1.0,3.0,3.0,0.0,1.0,3.0,3.0,2.0,3.0,3.0,0.0,2,0.0,3.0,2.0,1.0,2,3.0,4.0,0.0,3.0,1,1.0,0.0,3.0,4.0,0.0,0.0,0.0,0.0,1.0,4.0,2.0,1.0,2.0,0.0,1.0,0.0,2.0
202,4,5.0,5.0,0,1.0,2.0,2.0,3.0,0.0,4.0,0.0,2.0,0.0,2.0,2.0,2.0,0,2.0,0.0,2.0,2.0,1,2.0,2.0,0.0,0.0,0,0.0,0.0,1.0,2.0,0.0,0.0,0.0,0.0,0.0,2.0,0.0,2.0,1.0,1.0,2.0,0.0,2.0
203,0,4.0,3.0,0,0.0,2.0,2.0,0.0,2.0,0.0,0.0,2.0,1.0,1.0,1.0,2.0,0,1.0,2.0,2.0,2.0,1,3.0,1.0,0.0,2.0,3,0.0,1.0,2.0,0.0,2.0,0.0,0.0,0.0,1.0,4.0,3.0,2.0,2.0,1.0,2.0,1.0,1.0
204,0,4.0,5.0,1,0.0,1.0,0.0,0.0,0.0,0.0,0.0,1.0,1.0,1.0,0.0,1.0,2,0.0,1.0,2.0,2.0,1,2.0,4.0,1.0,3.0,3,3.0,3.0,3.0,0.0,1.0,0.0,1.0,0.0,0.0,1.0,0.0,1.0,1.0,1.0,2.0,1.0,1.0
205,0,4.0,3.0,1,0.0,1.0,3.0,3.0,3.0,2.0,3.0,2.0,0.0,4.0,2.0,2.0,0,2.0,2.0,2.0,2.0,1,3.0,0.0,1.0,0.0,0,0.0,0.0,0.0,2.0,2.0,0.0,1.0,0.0,2.0,2.0,2.0,1.0,2.0,2.0,2.0,2.0,2.0
206,0,4.0,4.0,1,0.0,2.0,0.0,2.0,0.0,1.0,0.0,2.0,1.0,1.0,2.0,0.0,2,0.0,3.0,2.0,2.0,1,2.0,0.0,1.0,2.0,3,3.0,1.0,1.0,2.0,2.0,0.0,2.0,2.0,2.0,1.0,0.0,1.0,0.0,1.0,2.0,0.0,0.0
207,0,2.0,0.0,0,0.0,2.0,3.0,0.0,0.0,0.0,0.0,0.0,0.0,1.0,2.0,0.0,0,1.0,2.0,2.0,2.0,1,3.0,2.0,1.0,1.0,1,1.0,1.0,1.0,2.0,1.0,0.0,2.0,2.0,2.0,1.0,0.0,1.0,2.0,1.0,2.0,1.0,2.0
208,0,4.0,3.0,0,0.0,2.0,0.0,0.0,0.0,1.0,2.0,0.0,0.0,2.0,2.0,2.0,2,2.0,0.0,2.0,2.0,2,3.0,2.0,0.0,2.0,3,3.0,0.0,1.0,2.0,2.0,0.0,0.0,0.0,2.0,2.0,0.0,1.0,2.0,1.0,0.0,1.0,1.0
209,0,4.0,3.0,0,0.0,2.0,2.0,0.0,0.0,3.0,3.0,2.0,2.0,0.0,0.0,0.0,0,2.0,0.0,2.0,2.0,1,3.0,1.0,0.0,2.0,1,1.0,1.0,2.0,0.0,1.0,0.0,0.0,1.0,1.0,1.0,3.0,2.0,1.0,1.0,2.0,0.0,2.0
210,1,3.0,0.0,0,0.0,2.0,3.0,3.0,3.0,2.0,3.0,3.0,3.0,1.0,1.0,3.0,2,0.0,3.0,1.0,2.0,1,2.0,3.0,1.0,1.0,0,0.0,0.0,1.0,3.0,0.0,1.0,1.0,0.0,1.0,2.0,3.0,1.0,3.0,0.0,0.0,1.0,0.0
211,0,4.0,3.0,0,0.0,1.0,3.0,3.0,2.0,1.0,0.0,0.0,0.0,1.0,3.0,1.0,2,2.0,0.0,2.0,2.0,1,3.0,1.0,1.0,2.0,3,3.0,0.0,1.0,0.0,0.0,0.0,1.0,0.0,0.0,1.0,0.0,2.0,1.0,2.0,1.0,1.0,1.0
212,0,2.0,0.0,1,0.0,2.0,2.0,3.0,3.0,3.0,0.0,2.0,3.0,3.0,3.0,0.0,2,1.0,3.0,2.0,2.0,1,2.0,4.0,1.0,0.0,0,3.0,1.0,1.0,4.0,2.0,0.0,0.0,0.0,1.0,1.0,3.0,2.0,2.0,2.0,1.0,0.0,2.0
213,1,3.0,0.0,1,0.0,1.0,0.0,3.0,3.0,0.0,2.0,0.0,0.0,0.0,1.0,0.0,2,2.0,2.0,1.0,1.0,2,3.0,2.0,0.0,1.0,3,0.0,1.0,1.0,1.0,0.0,1.0,1.0,0.0,1.0,0.0,0.0,1.0,3.0,0.0,0.0,1.0,0.0
214,0,5.0,0.0,1,0.0,2.0,3.0,3.0,3.0,4.0,2.0,2.0,2.0,2.0,2.0,2.0,0,0.0,3.0,0.0,1.0,2,3.0,2.0,0.0,0.0,0,1.0,2.0,1.0,4.0,0.0,0.0,0.0,1.0,2.0,4.0,0.0,1.0,0.0,2.0,1.0,1.0,2.0
215,5,4.0,4.0,1,1.0,2.0,3.0,3.0,2.0,0.0,2.0,0.0,1.0,1.0,2.0,1.0,2,2.0,2.0,0.0,2.0,2,3.0,2.0,1.0,3.0,0,3.0,0.0,1.0,2.0,2.0,0.0,0.0,0.0,0.0,0.0,2.0,1.0,2.0,1.0,2.0,1.0,1.0
216,3,2.0,0.0,0,1.0,2.0,0.0,3.0,0.0,1.0,0.0,0.0,0.0,2.0,0.0,0.0,2,0.0,0.0,2.0,2.0,1,2.0,0.0,0.0,1.0,0,3.0,1.0,0.0,2.0,2.0,0.0,0.0,0.0,0.0,1.0,0.0,2.0,1.0,2.0,0.0,0.0,2.0
217,4,0.0,2.0,0,1.0,1.0,2.0,4.0,2.0,2.0,2.0,2.0,2.0,2.0,2.0,1.0,0,2.0,1.0,2.0,3.0,2,2.0,2.0,1.0,2.0,1,1.0,1.0,2.0,1.0,2.0,0.0,2.0,1.0,2.0,1.0,2.0,0.0,2.0,2.0,1.0,1.0,1.0
218,0,4.0,4.0,0,0.0,2.0,0.0,0.0,0.0,3.0,3.0,3.0,0.0,3.0,3.0,0.0,0,0.0,0.0,2.0,2.0,1,3.0,0.0,1.0,1.0,1,1.0,3.0,2.0,2.0,2.0,0.0,0.0,0.0,1.0,2.0,2.0,2.0,2.0,2.0,1.0,1.0,0.0
219,0,4.0,3.0,0,0.0,2.0,0.0,0.0,1.0,2.0,2.0,1.0,2.0,2.0,2.0,0.0,0,0.0,0.0,2.0,2.0,1,3.0,2.0,1.0,2.0,3,0.0,0.0,3.0,0.0,2.0,0.0,1.0,0.0,2.0,4.0,0.0,1.0,0.0,1.0,0.0,0.0,2.0
220,0,0.0,0.0,1,0.0,2.0,3.0,0.0,3.0,2.0,0.0,2.0,0.0,0.0,3.0,4.0,0,2.0,3.0,2.0,2.0,1,2.0,2.0,1.0,0.0,3,3.0,1.0,2.0,2.0,0.0,0.0,1.0,0.0,2.0,0.0,2.0,1.0,2.0,0.0,2.0,1.0,2.0
221,0,2.0,0.0,0,0.0,1.0,0.0,0.0,0.0,2.0,0.0,1.0,0.0,0.0,2.0,2.0,2,1.0,2.0,2.0,2.0,2,0.0,0.0,1.0,0.0,1,3.0,1.0,1.0,2.0,2.0,0.0,1.0,2.0,1.0,4.0,1.0,1.0,0.0,0.0,2.0,1.0,1.0
222,1,3.0,0.0,1,0.0,2.0,0.0,0.0,0.0,4.0,0.0,0.0,2.0,2.0,0.0,2.0,1,0.0,3.0,0.0,2.0,2,2.0,0.0,0.0,2.0,0,3.0,0.0,1.0,0.0,0.0,1.0,1.0,0.0,0.0,0.0,3.0,1.0,3.0,2.0,2.0,1.0,2.0
223,1,5.0,2.0,1,0.0,1.0,0.0,0.0,0.0,1.0,0.0,0.0,0.0,0.0,0.0,0.0,2,0.0,0.0,0.0,2.0,1,3.0,4.0,0.0,2.0,3,3.0,3.0,1.0,0.0,1.0,0.0,0.0,0.0,0.0,0.0,0.0,0.0,4.0,1.0,2.0,1.0,2.0
224,0,5.0,1.0,1,0.0,2.0,4.0,0.0,2.0,2.0,0.0,1.0,0.0,2.0,2.0,0.0,0,0.0,1.0,0.0,1.0,2,3.0,0.0,0.0,2.0,3,2.0,2.0,2.0,2.0,0.0,0.0,0.0,1.0,2.0,1.0,2.0,2.0,2.0,0.0,2.0,0.0,2.0
225,0,4.0,3.0,0,0.0,2.0,3.0,3.0,2.0,4.0,0.0,0.0,3.0,3.0,0.0,2.0,2,0.0,2.0,2.0,2.0,1,3.0,1.0,0.0,3.0,3,3.0,0.0,3.0,0.0,0.0,1.0,1.0,0.0,2.0,1.0,0.0,2.0,2.0,0.0,1.0,0.0,1.0
226,0,2.0,2.0,1,0.0,2.0,0.0,2.0,0.0,2.0,2.0,3.0,2.0,3.0,2.0,2.0,0,1.0,0.0,0.0,2.0,2,2.0,4.0,1.0,2.0,1,3.0,0.0,2.0,2.0,0.0,0.0,1.0,0.0,0.0,2.0,0.0,0.0,2.0,2.0,2.0,1.0,0.0
227,1,2.0,0.0,0,1.0,2.0,0.0,0.0,3.0,4.0,4.0,3.0,3.0,3.0,2.0,3.0,2,0.0,3.0,2.0,2.0,1,0.0,1.0,1.0,2.0,0,3.0,3.0,2.0,0.0,0.0,1.0,1.0,2.0,0.0,4.0,3.0,1.0,2.0,1.0,2.0,1.0,1.0
228,1,2.0,0.0,1,0.0,2.0,3.0,3.0,0.0,2.0,2.0,2.0,2.0,2.0,1.0,1.0,0,0.0,3.0,0.0,1.0,2,3.0,1.0,1.0,0.0,0,0.0,0.0,2.0,0.0,0.0,0.0,1.0,2.0,2.0,4.0,2.0,1.0,0.0,0.0,2.0,2.0,2.0
229,0,4.0,3.0,0,0.0,2.0,1.0,0.0,1.0,4.0,0.0,0.0,3.0,0.0,0.0,0.0,2,1.0,2.0,2.0,2.0,1,3.0,1.0,1.0,0.0,0,0.0,0.0,1.0,0.0,1.0,1.0,1.0,0.0,1.0,4.0,3.0,2.0,1.0,1.0,2.0,2.0,2.0
230,0,5.0,4.0,0,0.0,2.0,0.0,3.0,3.0,4.0,0.0,2.0,3.0,3.0,3.0,3.0,0,2.0,3.0,2.0,2.0,2,1.0,4.0,1.0,2.0,1,1.0,0.0,2.0,2.0,2.0,0.0,1.0,0.0,2.0,2.0,2.0,1.0,1.0,2.0,2.0,0.0,2.0
231,4,1.0,0.0,1,1.0,1.0,3.0,3.0,1.0,0.0,2.0,0.0,2.0,2.0,1.0,0.0,2,1.0,2.0,2.0,2.0,1,2.0,1.0,1.0,0.0,0,0.0,1.0,3.0,2.0,2.0,0.0,1.0,0.0,0.0,2.0,1.0,1.0,0.0,0.0,2.0,3.0,1.0
232,0,4.0,3.0,0,0.0,2.0,0.0,0.0,0.0,1.0,0.0,2.0,1.0,2.0,0.0,2.0,0,0.0,0.0,2.0,2.0,1,3.0,2.0,1.0,0.0,1,1.0,0.0,1.0,2.0,2.0,0.0,1.0,0.0,0.0,2.0,0.0,1.0,2.0,1.0,0.0,1.0,2.0
233,0,2.0,0.0,1,0.0,1.0,0.0,0.0,3.0,0.0,3.0,0.0,1.0,1.0,2.0,0.0,2,1.0,2.0,2.0,2.0,1,2.0,1.0,1.0,0.0,3,0.0,1.0,3.0,2.0,2.0,1.0,1.0,0.0,0.0,1.0,2.0,1.0,2.0,0.0,2.0,1.0,2.0
234,4,3.0,1.0,1,1.0,1.0,3.0,0.0,0.0,4.0,0.0,0.0,2.0,2.0,3.0,3.0,2,0.0,0.0,2.0,2.0,1,0.0,0.0,1.0,1.0,0,0.0,0.0,0.0,0.0,2.0,0.0,1.0,0.0,0.0,0.0,2.0,0.0,0.0,0.0,2.0,2.0,1.0
235,1,3.0,0.0,1,0.0,2.0,3.0,3.0,3.0,1.0,3.0,0.0,3.0,3.0,3.0,0.0,0,2.0,3.0,0.0,2.0,2,1.0,4.0,1.0,1.0,0,1.0,1.0,1.0,2.0,2.0,0.0,2.0,2.0,2.0,1.0,2.0,1.0,4.0,2.0,2.0,2.0,2.0
236,4,0.0,0.0,1,1.0,1.0,0.0,3.0,3.0,2.0,3.0,0.0,1.0,1.0,2.0,2.0,0,2.0,2.0,0.0,2.0,2,2.0,0.0,1.0,2.0,2,1.0,0.0,0.0,2.0,2.0,0.0,2.0,2.0,0.0,1.0,1.0,1.0,2.0,2.0,0.0,1.0,2.0
237,0,4.0,3.0,0,0.0,2.0,2.0,0.0,0.0,1.0,2.0,2.0,2.0,0.0,2.0,2.0,2,2.0,0.0,2.0,2.0,1,3.0,2.0,1.0,2.0,0,2.0,1.0,2.0,2.0,2.0,0.0,1.0,2.0,2.0,1.0,2.0,1.0,2.0,2.0,1.0,1.0,2.0
238,1,4.0,4.0,1,0.0,2.0,4.0,0.0,0.0,3.0,3.0,3.0,3.0,3.0,3.0,3.0,2,0.0,3.0,2.0,0.0,1,0.0,0.0,1.0,3.0,3,3.0,3.0,1.0,3.0,1.0,1.0,1.0,0.0,0.0,4.0,1.0,1.0,4.0,1.0,2.0,1.0,1.0
239,0,4.0,3.0,0,0.0,2.0,0.0,0.0,0.0,1.0,2.0,0.0,0.0,2.0,2.0,2.0,2,2.0,0.0,2.0,2.0,2,3.0,2.0,1.0,2.0,3,3.0,0.0,1.0,2.0,2.0,0.0,1.0,0.0,2.0,2.0,0.0,1.0,2.0,1.0,0.0,1.0,1.0
240,1,3.0,0.0,1,0.0,1.0,0.0,2.0,3.0,4.0,0.0,2.0,0.0,0.0,0.0,3.0,0,0.0,0.0,0.0,2.0,2,2.0,2.0,1.0,1.0,3,0.0,0.0,1.0,0.0,1.0,0.0,2.0,0.0,2.0,3.0,0.0,2.0,4.0,1.0,2.0,2.0,1.0
241,1,3.0,0.0,0,0.0,2.0,3.0,3.0,3.0,1.0,3.0,0.0,0.0,4.0,3.0,0.0,0,0.0,2.0,0.0,2.0,1,0.0,0.0,1.0,3.0,0,3.0,0.0,0.0,0.0,0.0,0.0,0.0,1.0,0.0,1.0,3.0,1.0,1.0,2.0,2.0,1.0,2.0
242,0,2.0,0.0,1,0.0,2.0,2.0,2.0,2.0,3.0,3.0,0.0,3.0,4.0,2.0,0.0,2,2.0,1.0,2.0,2.0,1,3.0,2.0,0.0,2.0,3,3.0,3.0,2.0,3.0,1.0,0.0,0.0,0.0,0.0,2.0,4.0,1.0,2.0,2.0,2.0,1.0,2.0
243,0,2.0,3.0,1,0.0,2.0,0.0,0.0,1.0,3.0,2.0,2.0,1.0,2.0,3.0,2.0,2,2.0,0.0,2.0,1.0,2,3.0,2.0,0.0,1.0,0,1.0,3.0,3.0,0.0,2.0,0.0,2.0,2.0,2.0,4.0,2.0,2.0,3.0,2.0,0.0,1.0,2.0
244,0,4.0,3.0,0,0.0,0.0,3.0,0.0,0.0,0.0,0.0,0.0,2.0,2.0,0.0,2.0,0,0.0,0.0,2.0,2.0,1,1.0,2.0,0.0,1.0,0,2.0,0.0,0.0,2.0,2.0,0.0,2.0,0.0,2.0,1.0,2.0,1.0,2.0,2.0,2.0,1.0,2.0
245,3,0.0,0.0,1,1.0,2.0,0.0,0.0,0.0,4.0,0.0,2.0,2.0,1.0,0.0,0.0,0,0.0,1.0,0.0,1.0,1,3.0,2.0,1.0,3.0,0,3.0,0.0,3.0,3.0,1.0,0.0,1.0,0.0,0.0,1.0,0.0,2.0,1.0,1.0,2.0,2.0,2.0
246,0,4.0,2.0,1,0.0,2.0,3.0,3.0,3.0,3.0,3.0,0.0,0.0,3.0,0.0,2.0,2,0.0,0.0,2.0,2.0,2,2.0,0.0,1.0,1.0,0,0.0,0.0,1.0,2.0,0.0,0.0,0.0,2.0,2.0,4.0,1.0,2.0,2.0,1.0,1.0,0.0,1.0
247,1,2.0,0.0,0,1.0,2.0,2.0,0.0,0.0,1.0,0.0,0.0,2.0,1.0,2.0,2.0,0,0.0,2.0,0.0,2.0,1,2.0,1.0,1.0,1.0,1,1.0,1.0,1.0,2.0,2.0,0.0,1.0,2.0,2.0,4.0,2.0,2.0,1.0,1.0,2.0,1.0,2.0
248,1,3.0,0.0,1,0.0,2.0,0.0,0.0,0.0,0.0,2.0,0.0,0.0,2.0,0.0,0.0,2,0.0,0.0,0.0,2.0,1,3.0,4.0,1.0,1.0,0,0.0,1.0,3.0,0.0,2.0,0.0,0.0,0.0,0.0,4.0,0.0,1.0,2.0,2.0,2.0,1.0,1.0
249,3,0.0,0.0,1,1.0,1.0,0.0,3.0,3.0,1.0,0.0,2.0,1.0,0.0,1.0,1.0,1,2.0,2.0,0.0,2.0,2,3.0,3.0,0.0,0.0,0,3.0,2.0,3.0,0.0,0.0,0.0,2.0,0.0,1.0,2.0,3.0,2.0,2.0,1.0,2.0,2.0,1.0
250,3,1.0,0.0,1,1.0,0.0,3.0,3.0,3.0,1.0,1.0,2.0,2.0,2.0,1.0,2.0,0,0.0,2.0,2.0,2.0,1,1.0,2.0,0.0,1.0,0,0.0,0.0,1.0,0.0,2.0,0.0,0.0,0.0,0.0,2.0,0.0,2.0,2.0,2.0,2.0,3.0,2.0
251,0,2.0,0.0,0,0.0,2.0,2.0,2.0,2.0,1.0,2.0,2.0,2.0,2.0,2.0,2.0,0,2.0,2.0,2.0,2.0,1,3.0,2.0,0.0,2.0,1,1.0,1.0,1.0,2.0,2.0,0.0,2.0,2.0,2.0,2.0,2.0,1.0,2.0,2.0,0.0,2.0,2.0
252,0,1.0,0.0,0,0.0,2.0,3.0,3.0,0.0,1.0,0.0,2.0,2.0,2.0,0.0,0.0,1,0.0,3.0,2.0,2.0,2,0.0,2.0,0.0,0.0,3,0.0,0.0,0.0,0.0,1.0,0.0,2.0,0.0,0.0,4.0,2.0,1.0,0.0,0.0,2.0,2.0,1.0
253,0,2.0,0.0,0,0.0,2.0,0.0,0.0,3.0,1.0,2.0,0.0,0.0,2.0,2.0,1.0,0,0.0,0.0,2.0,2.0,1,3.0,2.0,1.0,1.0,0,1.0,1.0,1.0,2.0,1.0,0.0,2.0,0.0,2.0,1.0,2.0,1.0,1.0,2.0,0.0,2.0,2.0
254,1,3.0,0.0,1,0.0,0.0,3.0,3.0,3.0,3.0,3.0,0.0,0.0,2.0,0.0,2.0,2,2.0,3.0,0.0,2.0,1,3.0,1.0,0.0,3.0,3,0.0,3.0,1.0,3.0,2.0,0.0,2.0,0.0,0.0,1.0,0.0,1.0,1.0,2.0,2.0,2.0,1.0
255,3,4.0,4.0,0,1.0,0.0,0.0,0.0,0.0,0.0,2.0,0.0,0.0,0.0,0.0,0.0,0,0.0,0.0,2.0,2.0,1,2.0,0.0,1.0,3.0,0,2.0,1.0,3.0,0.0,2.0,1.0,1.0,0.0,0.0,1.0,0.0,1.0,2.0,1.0,2.0,0.0,1.0
256,4,1.0,0.0,1,1.0,2.0,3.0,3.0,3.0,4.0,3.0,3.0,3.0,1.0,0.0,3.0,0,0.0,1.0,0.0,2.0,2,3.0,4.0,1.0,2.0,0,3.0,3.0,3.0,3.0,1.0,0.0,0.0,0.0,0.0,0.0,3.0,1.0,4.0,1.0,2.0,2.0,2.0
257,4,0.0,2.0,1,1.0,2.0,0.0,0.0,0.0,0.0,0.0,0.0,2.0,0.0,2.0,2.0,0,1.0,0.0,2.0,2.0,2,2.0,2.0,0.0,2.0,2,0.0,1.0,1.0,2.0,2.0,0.0,2.0,0.0,1.0,0.0,2.0,0.0,4.0,1.0,1.0,1.0,2.0
258,0,3.0,2.0,0,0.0,2.0,2.0,2.0,2.0,1.0,0.0,2.0,0.0,2.0,2.0,0.0,0,0.0,2.0,2.0,2.0,1,0.0,0.0,1.0,1.0,1,1.0,1.0,1.0,2.0,0.0,0.0,2.0,0.0,0.0,0.0,2.0,2.0,0.0,1.0,2.0,1.0,2.0
259,5,4.0,4.0,1,1.0,2.0,0.0,0.0,3.0,1.0,1.0,2.0,3.0,1.0,0.0,2.0,0,0.0,0.0,2.0,2.0,1,0.0,4.0,1.0,2.0,2,1.0,1.0,0.0,2.0,2.0,0.0,0.0,0.0,0.0,2.0,2.0,1.0,2.0,1.0,2.0,1.0,1.0
260,4,1.0,0.0,1,1.0,1.0,4.0,4.0,0.0,1.0,4.0,2.0,0.0,1.0,1.0,0.0,2,0.0,4.0,2.0,2.0,1,3.0,1.0,0.0,0.0,0,0.0,3.0,3.0,4.0,0.0,0.0,0.0,0.0,1.0,2.0,4.0,1.0,4.0,1.0,2.0,1.0,1.0
261,4,3.0,1.0,1,1.0,2.0,3.0,3.0,3.0,1.0,3.0,3.0,3.0,4.0,1.0,1.0,1,0.0,3.0,2.0,2.0,1,0.0,1.0,0.0,2.0,2,0.0,0.0,2.0,1.0,2.0,0.0,0.0,0.0,1.0,2.0,0.0,2.0,2.0,2.0,2.0,1.0,1.0
262,0,3.0,1.0,1,0.0,2.0,3.0,0.0,3.0,4.0,3.0,0.0,0.0,4.0,3.0,2.0,0,0.0,3.0,2.0,2.0,1,0.0,2.0,0.0,0.0,0,0.0,0.0,0.0,3.0,0.0,0.0,0.0,0.0,0.0,3.0,3.0,2.0,2.0,0.0,2.0,0.0,2.0
263,0,4.0,4.0,0,0.0,2.0,0.0,0.0,0.0,0.0,1.0,2.0,0.0,2.0,2.0,2.0,2,0.0,0.0,2.0,2.0,1,0.0,2.0,0.0,1.0,0,0.0,1.0,1.0,4.0,2.0,0.0,0.0,2.0,0.0,1.0,2.0,1.0,1.0,1.0,2.0,1.0,1.0
264,0,4.0,3.0,0,0.0,2.0,0.0,2.0,2.0,0.0,3.0,3.0,2.0,2.0,0.0,2.0,1,0.0,0.0,2.0,2.0,2,2.0,2.0,1.0,1.0,0,0.0,1.0,1.0,0.0,0.0,1.0,2.0,2.0,2.0,4.0,2.0,1.0,0.0,0.0,1.0,1.0,2.0
265,0,4.0,3.0,0,0.0,2.0,3.0,3.0,3.0,3.0,2.0,2.0,0.0,2.0,2.0,2.0,0,0.0,3.0,2.0,2.0,2,2.0,2.0,0.0,1.0,0,0.0,0.0,2.0,1.0,2.0,0.0,1.0,2.0,2.0,1.0,0.0,2.0,1.0,2.0,2.0,1.0,2.0
266,3,2.0,1.0,1,1.0,1.0,1.0,3.0,3.0,1.0,3.0,0.0,2.0,2.0,0.0,0.0,0,2.0,3.0,0.0,2.0,2,0.0,0.0,0.0,2.0,0,0.0,0.0,2.0,2.0,1.0,0.0,0.0,2.0,2.0,0.0,0.0,2.0,0.0,0.0,2.0,1.0,2.0
267,0,2.0,0.0,1,0.0,1.0,0.0,3.0,0.0,1.0,0.0,0.0,0.0,1.0,3.0,3.0,0,1.0,0.0,2.0,2.0,1,3.0,2.0,0.0,3.0,3,3.0,0.0,0.0,0.0,2.0,0.0,1.0,0.0,0.0,0.0,3.0,1.0,3.0,2.0,2.0,2.0,1.0
268,4,1.0,1.0,0,0.0,1.0,0.0,0.0,0.0,0.0,0.0,0.0,0.0,0.0,0.0,0.0,2,0.0,0.0,2.0,0.0,0,3.0,1.0,1.0,3.0,0,0.0,0.0,0.0,0.0,0.0,1.0,1.0,0.0,0.0,0.0,0.0,2.0,0.0,0.0,0.0,2.0,0.0
269,0,5.0,0.0,1,0.0,2.0,0.0,0.0,0.0,0.0,0.0,0.0,0.0,2.0,0.0,2.0,0,1.0,3.0,0.0,2.0,2,2.0,4.0,1.0,1.0,0,0.0,1.0,1.0,2.0,2.0,0.0,1.0,0.0,0.0,4.0,0.0,1.0,2.0,2.0,2.0,3.0,1.0
270,5,3.0,1.0,1,1.0,1.0,3.0,3.0,3.0,2.0,3.0,3.0,0.0,0.0,2.0,2.0,0,0.0,0.0,0.0,2.0,1,0.0,4.0,1.0,1.0,0,1.0,3.0,0.0,2.0,2.0,0.0,0.0,0.0,0.0,4.0,4.0,2.0,0.0,2.0,1.0,1.0,1.0
271,0,5.0,0.0,0,0.0,2.0,0.0,3.0,2.0,4.0,0.0,0.0,0.0,3.0,0.0,2.0,0,2.0,3.0,2.0,2.0,2,0.0,0.0,0.0,2.0,0,0.0,3.0,1.0,0.0,0.0,0.0,1.0,0.0,0.0,4.0,3.0,1.0,2.0,0.0,2.0,1.0,2.0
272,1,2.0,4.0,1,1.0,2.0,3.0,0.0,3.0,0.0,2.0,0.0,0.0,3.0,3.0,0.0,2,0.0,3.0,2.0,0.0,2,3.0,0.0,1.0,3.0,3,3.0,3.0,1.0,0.0,0.0,0.0,2.0,0.0,0.0,2.0,0.0,1.0,2.0,1.0,2.0,2.0,1.0
273,1,2.0,0.0,1,0.0,2.0,0.0,3.0,0.0,4.0,3.0,2.0,3.0,2.0,4.0,4.0,0,0.0,0.0,2.0,2.0,2,0.0,2.0,1.0,1.0,1,1.0,1.0,1.0,2.0,1.0,0.0,0.0,2.0,2.0,4.0,2.0,1.0,0.0,2.0,2.0,2.0,2.0
274,3,0.0,0.0,1,1.0,2.0,3.0,3.0,3.0,4.0,4.0,0.0,3.0,0.0,2.0,2.0,2,0.0,3.0,0.0,2.0,1,3.0,4.0,1.0,0.0,3,3.0,3.0,0.0,3.0,1.0,0.0,0.0,0.0,0.0,2.0,3.0,2.0,0.0,1.0,2.0,1.0,1.0
275,4,2.0,4.0,1,1.0,1.0,0.0,0.0,0.0,0.0,3.0,2.0,1.0,4.0,0.0,2.0,0,1.0,2.0,0.0,2.0,2,2.0,0.0,1.0,0.0,1,2.0,2.0,1.0,0.0,0.0,0.0,1.0,0.0,0.0,2.0,0.0,2.0,2.0,1.0,2.0,2.0,1.0
276,0,5.0,0.0,0,0.0,1.0,3.0,3.0,3.0,1.0,0.0,0.0,0.0,0.0,3.0,2.0,2,2.0,3.0,0.0,2.0,1,2.0,0.0,1.0,0.0,0,0.0,1.0,0.0,2.0,2.0,1.0,2.0,0.0,1.0,4.0,3.0,1.0,2.0,1.0,2.0,2.0,2.0
277,1,3.0,1.0,0,1.0,2.0,2.0,0.0,1.0,4.0,0.0,0.0,1.0,4.0,0.0,0.0,0,2.0,0.0,0.0,2.0,1,0.0,0.0,1.0,1.0,1,3.0,1.0,3.0,1.0,0.0,0.0,0.0,0.0,2.0,1.0,1.0,2.0,4.0,0.0,2.0,2.0,2.0
278,4,1.0,0.0,1,1.0,2.0,3.0,3.0,3.0,4.0,3.0,3.0,3.0,1.0,0.0,3.0,0,0.0,1.0,0.0,2.0,2,3.0,4.0,1.0,2.0,0,3.0,3.0,3.0,3.0,1.0,0.0,0.0,0.0,0.0,0.0,3.0,1.0,4.0,1.0,2.0,3.0,2.0
279,3,1.0,0.0,1,1.0,2.0,3.0,0.0,2.0,2.0,0.0,0.0,2.0,4.0,2.0,0.0,0,0.0,1.0,2.0,3.0,2,2.0,2.0,1.0,0.0,3,0.0,0.0,0.0,2.0,2.0,0.0,0.0,0.0,0.0,1.0,0.0,1.0,1.0,1.0,2.0,2.0,1.0
280,3,1.0,0.0,1,1.0,1.0,4.0,0.0,3.0,0.0,3.0,3.0,3.0,2.0,0.0,3.0,2,2.0,3.0,2.0,1.0,2,2.0,4.0,0.0,1.0,3,1.0,3.0,3.0,3.0,0.0,0.0,0.0,0.0,0.0,2.0,2.0,2.0,3.0,2.0,2.0,2.0,2.0
281,0,3.0,0.0,0,0.0,1.0,0.0,0.0,0.0,0.0,2.0,2.0,1.0,0.0,0.0,0.0,2,1.0,0.0,2.0,2.0,2,0.0,0.0,1.0,1.0,1,1.0,1.0,1.0,2.0,2.0,0.0,2.0,2.0,1.0,2.0,2.0,1.0,2.0,2.0,1.0,1.0,2.0
282,4,1.0,5.0,1,1.0,2.0,0.0,0.0,0.0,4.0,4.0,0.0,0.0,0.0,0.0,0.0,0,2.0,0.0,0.0,2.0,2,0.0,2.0,1.0,2.0,1,3.0,0.0,2.0,1.0,2.0,1.0,0.0,1.0,2.0,4.0,0.0,2.0,4.0,2.0,1.0,3.0,2.0
283,0,4.0,3.0,1,0.0,2.0,3.0,3.0,0.0,2.0,0.0,0.0,3.0,3.0,3.0,3.0,2,2.0,3.0,2.0,1.0,2,3.0,1.0,0.0,0.0,3,3.0,3.0,2.0,2.0,0.0,1.0,1.0,0.0,0.0,3.0,2.0,1.0,0.0,0.0,1.0,1.0,2.0
284,5,0.0,0.0,1,1.0,2.0,2.0,0.0,0.0,1.0,0.0,2.0,0.0,2.0,2.0,2.0,0,0.0,0.0,0.0,1.0,1,0.0,0.0,0.0,0.0,0,1.0,0.0,1.0,2.0,0.0,0.0,0.0,0.0,0.0,2.0,0.0,2.0,2.0,2.0,0.0,1.0,2.0
285,1,2.0,4.0,0,1.0,2.0,0.0,2.0,2.0,1.0,0.0,0.0,1.0,1.0,2.0,0.0,2,0.0,0.0,2.0,2.0,1,0.0,4.0,1.0,2.0,3,3.0,3.0,3.0,0.0,1.0,0.0,0.0,0.0,0.0,0.0,4.0,1.0,0.0,1.0,2.0,2.0,1.0
286,1,5.0,0.0,1,0.0,2.0,0.0,0.0,0.0,4.0,4.0,2.0,3.0,3.0,3.0,3.0,2,2.0,3.0,2.0,2.0,1,3.0,4.0,1.0,3.0,3,3.0,3.0,2.0,3.0,0.0,0.0,0.0,0.0,0.0,3.0,3.0,2.0,3.0,1.0,2.0,0.0,2.0
287,2,3.0,0.0,0,1.0,2.0,0.0,0.0,3.0,4.0,2.0,0.0,2.0,2.0,0.0,0.0,0,0.0,0.0,2.0,2.0,1,2.0,2.0,1.0,2.0,0,0.0,3.0,1.0,3.0,2.0,0.0,1.0,0.0,2.0,2.0,3.0,0.0,2.0,1.0,2.0,0.0,1.0
288,3,1.0,0.0,1,1.0,2.0,3.0,3.0,3.0,4.0,2.0,2.0,3.0,1.0,2.0,0.0,0,1.0,2.0,2.0,0.0,2,2.0,2.0,1.0,1.0,1,1.0,1.0,3.0,3.0,0.0,0.0,0.0,2.0,1.0,0.0,2.0,0.0,1.0,1.0,0.0,3.0,2.0
289,0,4.0,0.0,0,1.0,2.0,1.0,0.0,0.0,0.0,0.0,1.0,0.0,2.0,0.0,1.0,1,1.0,0.0,2.0,2.0,1,1.0,1.0,0.0,2.0,2,2.0,1.0,2.0,4.0,0.0,1.0,0.0,0.0,0.0,4.0,0.0,2.0,4.0,1.0,2.0,1.0,0.0
290,4,0.0,0.0,0,1.0,2.0,0.0,0.0,3.0,2.0,2.0,0.0,0.0,0.0,0.0,0.0,1,0.0,0.0,2.0,2.0,1,2.0,2.0,1.0,1.0,1,1.0,1.0,0.0,0.0,2.0,0.0,2.0,0.0,2.0,3.0,2.0,1.0,2.0,2.0,2.0,2.0,1.0
291,0,4.0,3.0,0,0.0,2.0,0.0,0.0,0.0,2.0,0.0,2.0,0.0,0.0,0.0,2.0,0,2.0,0.0,2.0,2.0,1,3.0,1.0,1.0,1.0,1,1.0,1.0,1.0,2.0,2.0,0.0,1.0,0.0,2.0,1.0,0.0,1.0,1.0,2.0,2.0,1.0,2.0
292,4,1.0,1.0,1,1.0,1.0,3.0,3.0,0.0,4.0,3.0,0.0,2.0,0.0,3.0,3.0,2,1.0,0.0,0.0,2.0,2,0.0,4.0,1.0,1.0,1,1.0,1.0,1.0,3.0,0.0,0.0,1.0,0.0,0.0,0.0,0.0,2.0,0.0,2.0,2.0,2.0,2.0
293,4,3.0,0.0,0,0.0,1.0,2.0,2.0,0.0,2.0,0.0,0.0,0.0,0.0,3.0,3.0,1,2.0,2.0,0.0,3.0,2,1.0,2.0,1.0,0.0,0,0.0,0.0,0.0,0.0,0.0,1.0,1.0,0.0,0.0,0.0,2.0,1.0,3.0,0.0,2.0,1.0,0.0
294,4,0.0,2.0,1,1.0,1.0,3.0,3.0,3.0,4.0,0.0,3.0,0.0,3.0,3.0,2.0,1,0.0,3.0,2.0,3.0,1,2.0,2.0,0.0,1.0,1,2.0,2.0,1.0,3.0,0.0,1.0,1.0,0.0,0.0,3.0,0.0,0.0,0.0,0.0,2.0,2.0,0.0
295,0,4.0,4.0,0,0.0,2.0,0.0,0.0,1.0,0.0,1.0,0.0,0.0,0.0,0.0,0.0,1,0.0,1.0,2.0,2.0,1,3.0,1.0,0.0,2.0,3,2.0,2.0,3.0,0.0,0.0,0.0,0.0,1.0,1.0,1.0,0.0,2.0,1.0,1.0,0.0,0.0,1.0
296,3,1.0,0.0,1,1.0,1.0,4.0,0.0,3.0,0.0,3.0,3.0,3.0,2.0,0.0,3.0,2,2.0,3.0,2.0,1.0,2,2.0,4.0,0.0,1.0,3,1.0,3.0,3.0,3.0,0.0,0.0,0.0,0.0,0.0,2.0,2.0,1.0,3.0,2.0,2.0,2.0,2.0
297,0,2.0,0.0,0,0.0,2.0,3.0,0.0,0.0,0.0,2.0,0.0,4.0,0.0,0.0,1.0,0,0.0,0.0,2.0,2.0,1,2.0,1.0,1.0,1.0,0,1.0,0.0,1.0,2.0,2.0,0.0,0.0,0.0,1.0,2.0,0.0,2.0,2.0,0.0,0.0,0.0,2.0
298,0,4.0,3.0,1,0.0,2.0,2.0,2.0,0.0,3.0,0.0,1.0,2.0,1.0,2.0,1.0,2,1.0,3.0,2.0,2.0,2,3.0,2.0,0.0,1.0,3,2.0,1.0,2.0,4.0,2.0,0.0,0.0,1.0,0.0,4.0,3.0,2.0,1.0,2.0,1.0,1.0,0.0
299,0,2.0,2.0,1,0.0,2.0,0.0,0.0,0.0,1.0,0.0,0.0,2.0,1.0,0.0,0.0,0,0.0,0.0,0.0,2.0,1,1.0,4.0,1.0,0.0,3,3.0,1.0,3.0,2.0,0.0,0.0,0.0,0.0,0.0,2.0,0.0,1.0,0.0,2.0,0.0,1.0,1.0
300,2,3.0,1.0,0,0.0,1.0,0.0,3.0,3.0,1.0,0.0,3.0,3.0,3.0,3.0,2.0,2,2.0,3.0,0.0,2.0,1,0.0,4.0,1.0,2.0,1,0.0,1.0,1.0,2.0,2.0,0.0,0.0,2.0,2.0,4.0,0.0,2.0,0.0,2.0,2.0,1.0,2.0
301,0,5.0,0.0,1,0.0,2.0,0.0,0.0,3.0,2.0,0.0,3.0,3.0,0.0,3.0,3.0,2,1.0,0.0,1.0,2.0,1,3.0,0.0,0.0,0.0,3,1.0,1.0,3.0,2.0,2.0,0.0,1.0,2.0,2.0,4.0,3.0,1.0,0.0,2.0,2.0,0.0,2.0
302,3,2.0,0.0,0,1.0,2.0,0.0,0.0,0.0,1.0,0.0,2.0,1.0,2.0,0.0,0.0,0,1.0,0.0,0.0,2.0,1,2.0,1.0,1.0,1.0,0,0.0,0.0,1.0,2.0,0.0,0.0,0.0,0.0,1.0,2.0,0.0,2.0,0.0,0.0,2.0,0.0,2.0
303,1,3.0,4.0,0,0.0,2.0,4.0,2.0,2.0,2.0,2.0,2.0,2.0,2.0,0.0,2.0,2,0.0,2.0,0.0,2.0,2,1.0,0.0,1.0,0.0,0,0.0,0.0,0.0,2.0,2.0,0.0,2.0,2.0,2.0,0.0,2.0,1.0,2.0,1.0,1.0,1.0,2.0
304,0,2.0,0.0,0,0.0,2.0,0.0,0.0,0.0,3.0,0.0,2.0,0.0,0.0,0.0,2.0,2,1.0,0.0,0.0,2.0,1,3.0,0.0,1.0,2.0,3,2.0,0.0,2.0,0.0,2.0,0.0,1.0,0.0,0.0,4.0,0.0,1.0,2.0,1.0,1.0,0.0,2.0
305,0,0.0,0.0,1,1.0,2.0,3.0,3.0,0.0,4.0,1.0,4.0,3.0,3.0,0.0,0.0,0,2.0,3.0,2.0,2.0,1,3.0,4.0,0.0,3.0,3,3.0,1.0,3.0,3.0,0.0,0.0,0.0,0.0,0.0,4.0,3.0,1.0,3.0,2.0,2.0,2.0,1.0
306,1,3.0,0.0,0,0.0,2.0,1.0,2.0,0.0,1.0,2.0,0.0,0.0,1.0,1.0,2.0,2,0.0,3.0,2.0,2.0,1,2.0,1.0,0.0,2.0,3,0.0,1.0,3.0,2.0,1.0,0.0,1.0,0.0,0.0,0.0,3.0,2.0,2.0,0.0,2.0,1.0,2.0
307,0,1.0,0.0,1,0.0,2.0,0.0,0.0,0.0,0.0,0.0,0.0,1.0,1.0,0.0,2.0,2,0.0,0.0,2.0,2.0,1,2.0,2.0,1.0,3.0,3,3.0,3.0,1.0,2.0,0.0,0.0,0.0,2.0,0.0,0.0,0.0,1.0,0.0,1.0,1.0,3.0,0.0
308,0,2.0,0.0,0,0.0,2.0,2.0,2.0,2.0,1.0,2.0,2.0,2.0,2.0,2.0,2.0,0,2.0,2.0,2.0,2.0,1,3.0,2.0,0.0,2.0,1,1.0,1.0,1.0,2.0,2.0,0.0,2.0,2.0,2.0,2.0,2.0,2.0,2.0,2.0,0.0,1.0,2.0
309,0,2.0,0.0,1,0.0,2.0,3.0,0.0,0.0,1.0,3.0,2.0,0.0,2.0,0.0,0.0,0,2.0,0.0,2.0,1.0,2,3.0,0.0,1.0,0.0,0,0.0,1.0,1.0,0.0,2.0,0.0,0.0,2.0,2.0,1.0,0.0,2.0,2.0,2.0,2.0,1.0,2.0
310,0,2.0,3.0,1,0.0,2.0,3.0,3.0,3.0,4.0,3.0,0.0,2.0,0.0,0.0,0.0,0,1.0,0.0,2.0,2.0,2,3.0,0.0,1.0,2.0,3,1.0,2.0,2.0,2.0,0.0,0.0,1.0,2.0,2.0,2.0,0.0,1.0,2.0,2.0,2.0,0.0,2.0
311,0,4.0,2.0,1,0.0,2.0,0.0,3.0,0.0,4.0,3.0,1.0,1.0,1.0,2.0,2.0,0,2.0,0.0,2.0,2.0,1,2.0,2.0,1.0,2.0,1,1.0,1.0,2.0,2.0,1.0,0.0,0.0,2.0,2.0,4.0,4.0,2.0,1.0,1.0,2.0,0.0,1.0
312,1,3.0,0.0,0,0.0,1.0,0.0,0.0,0.0,1.0,0.0,2.0,0.0,0.0,0.0,0.0,0,2.0,0.0,0.0,2.0,1,2.0,2.0,1.0,2.0,0,1.0,1.0,1.0,0.0,2.0,0.0,0.0,2.0,2.0,2.0,0.0,2.0,2.0,1.0,2.0,0.0,2.0
313,0,4.0,3.0,0,0.0,2.0,0.0,0.0,0.0,4.0,2.0,2.0,2.0,2.0,2.0,2.0,2,0.0,2.0,2.0,2.0,1,0.0,0.0,0.0,2.0,0,1.0,2.0,1.0,2.0,2.0,0.0,0.0,0.0,0.0,4.0,2.0,1.0,1.0,1.0,2.0,1.0,2.0
314,1,0.0,0.0,1,0.0,1.0,0.0,0.0,0.0,1.0,0.0,0.0,2.0,2.0,1.0,1.0,2,2.0,2.0,2.0,2.0,2,3.0,2.0,1.0,0.0,3,0.0,2.0,0.0,2.0,2.0,0.0,1.0,2.0,2.0,0.0,2.0,1.0,2.0,2.0,1.0,1.0,1.0
315,0,5.0,0.0,1,0.0,2.0,0.0,0.0,2.0,2.0,0.0,2.0,2.0,2.0,0.0,2.0,2,2.0,0.0,2.0,2.0,1,3.0,2.0,1.0,1.0,0,1.0,1.0,1.0,3.0,0.0,0.0,0.0,0.0,0.0,2.0,2.0,1.0,0.0,0.0,0.0,0.0,1.0
316,5,1.0,0.0,1,1.0,1.0,3.0,3.0,3.0,4.0,4.0,0.0,2.0,4.0,0.0,0.0,1,0.0,2.0,2.0,2.0,1,0.0,4.0,1.0,1.0,0,0.0,0.0,1.0,2.0,1.0,0.0,0.0,0.0,1.0,0.0,0.0,2.0,2.0,2.0,1.0,2.0,2.0
317,0,4.0,3.0,0,0.0,1.0,3.0,3.0,2.0,0.0,0.0,0.0,2.0,0.0,3.0,2.0,2,0.0,0.0,2.0,2.0,1,3.0,0.0,1.0,2.0,0,3.0,3.0,0.0,2.0,2.0,0.0,0.0,0.0,2.0,2.0,0.0,1.0,2.0,1.0,2.0,1.0,1.0
318,0,5.0,0.0,1,0.0,2.0,3.0,0.0,0.0,3.0,2.0,2.0,3.0,3.0,2.0,0.0,2,1.0,3.0,1.0,0.0,2,3.0,0.0,0.0,2.0,3,0.0,0.0,1.0,2.0,0.0,0.0,0.0,0.0,0.0,0.0,2.0,1.0,3.0,2.0,0.0,1.0,0.0
319,0,2.0,0.0,0,0.0,2.0,0.0,0.0,0.0,1.0,1.0,2.0,0.0,0.0,0.0,0.0,0,2.0,0.0,2.0,2.0,1,2.0,2.0,1.0,1.0,0,1.0,1.0,2.0,0.0,0.0,0.0,1.0,0.0,2.0,1.0,0.0,1.0,1.0,1.0,2.0,2.0,2.0
320,1,3.0,1.0,1,0.0,1.0,2.0,2.0,2.0,2.0,2.0,2.0,2.0,2.0,2.0,2.0,0,2.0,2.0,2.0,1.0,2,0.0,4.0,0.0,1.0,1,1.0,1.0,1.0,2.0,2.0,0.0,0.0,0.0,2.0,4.0,2.0,2.0,0.0,2.0,2.0,1.0,2.0
321,0,0.0,0.0,1,0.0,2.0,3.0,0.0,3.0,2.0,0.0,2.0,0.0,0.0,3.0,4.0,0,2.0,3.0,2.0,2.0,1,2.0,2.0,1.0,0.0,3,3.0,1.0,2.0,2.0,0.0,0.0,1.0,0.0,2.0,0.0,2.0,1.0,2.0,0.0,2.0,0.0,2.0
322,4,3.0,0.0,0,1.0,2.0,2.0,0.0,3.0,0.0,0.0,1.0,2.0,0.0,3.0,2.0,0,0.0,0.0,0.0,2.0,1,0.0,2.0,0.0,1.0,3,1.0,1.0,1.0,1.0,2.0,0.0,0.0,0.0,0.0,4.0,0.0,2.0,1.0,2.0,2.0,2.0,2.0
323,0,2.0,0.0,1,0.0,2.0,3.0,3.0,3.0,4.0,1.0,3.0,3.0,3.0,3.0,3.0,1,0.0,3.0,1.0,2.0,1,0.0,4.0,1.0,2.0,1,1.0,1.0,1.0,2.0,2.0,0.0,2.0,2.0,2.0,1.0,0.0,2.0,1.0,0.0,2.0,1.0,0.0
324,0,4.0,4.0,1,0.0,2.0,3.0,3.0,3.0,2.0,0.0,0.0,2.0,2.0,0.0,2.0,0,0.0,2.0,0.0,2.0,1,3.0,0.0,0.0,2.0,0,0.0,0.0,0.0,2.0,0.0,0.0,0.0,0.0,0.0,1.0,3.0,2.0,2.0,1.0,2.0,0.0,2.0
325,1,2.0,0.0,1,0.0,2.0,0.0,3.0,0.0,4.0,3.0,2.0,3.0,2.0,4.0,4.0,0,0.0,0.0,2.0,2.0,2,0.0,2.0,1.0,1.0,1,1.0,1.0,1.0,2.0,1.0,0.0,0.0,2.0,2.0,4.0,2.0,1.0,0.0,2.0,2.0,1.0,2.0
326,2,3.0,0.0,0,0.0,2.0,3.0,2.0,0.0,2.0,0.0,0.0,1.0,4.0,0.0,0.0,2,0.0,2.0,1.0,2.0,1,3.0,0.0,1.0,2.0,3,0.0,2.0,1.0,0.0,0.0,0.0,0.0,2.0,0.0,1.0,0.0,1.0,2.0,0.0,2.0,1.0,2.0
327,1,3.0,0.0,1,0.0,2.0,0.0,0.0,0.0,0.0,2.0,0.0,0.0,2.0,0.0,0.0,2,0.0,0.0,0.0,2.0,1,3.0,4.0,1.0,1.0,0,0.0,1.0,3.0,0.0,2.0,0.0,0.0,0.0,0.0,4.0,0.0,1.0,2.0,2.0,2.0,1.0,1.0
328,1,2.0,0.0,1,0.0,2.0,3.0,3.0,3.0,4.0,3.0,2.0,0.0,1.0,0.0,2.0,0,0.0,0.0,2.0,2.0,2,3.0,4.0,1.0,2.0,0,3.0,0.0,0.0,3.0,0.0,0.0,0.0,0.0,1.0,0.0,0.0,1.0,1.0,1.0,1.0,1.0,2.0
329,0,3.0,2.0,1,0.0,2.0,3.0,3.0,0.0,3.0,3.0,3.0,1.0,1.0,3.0,3.0,2,1.0,3.0,0.0,2.0,0,3.0,3.0,0.0,3.0,0,0.0,3.0,3.0,4.0,1.0,0.0,0.0,0.0,1.0,0.0,3.0,1.0,3.0,1.0,0.0,0.0,1.0
330,1,2.0,0.0,1,0.0,2.0,3.0,3.0,3.0,4.0,2.0,1.0,0.0,0.0,3.0,2.0,2,0.0,0.0,1.0,2.0,1,2.0,0.0,1.0,2.0,3,1.0,3.0,1.0,0.0,0.0,0.0,0.0,0.0,0.0,4.0,0.0,1.0,0.0,2.0,2.0,2.0,2.0
331,5,3.0,0.0,1,1.0,2.0,0.0,0.0,0.0,0.0,0.0,2.0,1.0,1.0,1.0,0.0,2,0.0,2.0,0.0,0.0,2,0.0,4.0,1.0,0.0,2,0.0,0.0,1.0,0.0,0.0,0.0,0.0,0.0,0.0,1.0,0.0,1.0,0.0,1.0,2.0,0.0,1.0
332,0,3.0,0.0,1,0.0,2.0,3.0,3.0,3.0,4.0,0.0,0.0,0.0,4.0,0.0,2.0,1,2.0,0.0,2.0,2.0,1,3.0,2.0,1.0,2.0,1,3.0,0.0,2.0,2.0,0.0,0.0,0.0,0.0,1.0,0.0,0.0,1.0,2.0,2.0,2.0,2.0,2.0
333,0,4.0,3.0,0,0.0,2.0,3.0,0.0,0.0,1.0,0.0,1.0,1.0,1.0,0.0,1.0,2,0.0,0.0,2.0,2.0,1,3.0,2.0,0.0,2.0,1,0.0,1.0,2.0,2.0,2.0,0.0,0.0,0.0,0.0,4.0,3.0,1.0,2.0,2.0,1.0,1.0,2.0
334,4,0.0,1.0,1,1.0,1.0,3.0,3.0,3.0,0.0,2.0,2.0,4.0,4.0,2.0,2.0,3,1.0,2.0,2.0,3.0,2,3.0,2.0,0.0,0.0,2,2.0,2.0,2.0,2.0,0.0,0.0,0.0,0.0,0.0,0.0,2.0,2.0,2.0,2.0,2.0,0.0,1.0
335,4,2.0,0.0,0,1.0,2.0,2.0,2.0,2.0,2.0,2.0,2.0,2.0,4.0,0.0,1.0,1,1.0,2.0,2.0,3.0,1,0.0,2.0,0.0,2.0,1,2.0,0.0,0.0,2.0,0.0,0.0,0.0,0.0,2.0,4.0,3.0,1.0,3.0,0.0,2.0,2.0,1.0
336,0,4.0,2.0,0,0.0,2.0,0.0,0.0,0.0,4.0,3.0,3.0,4.0,0.0,0.0,0.0,0,0.0,3.0,0.0,2.0,1,0.0,4.0,0.0,2.0,0,0.0,0.0,2.0,4.0,1.0,1.0,2.0,2.0,2.0,4.0,2.0,0.0,1.0,0.0,2.0,0.0,2.0
337,0,3.0,0.0,0,0.0,2.0,3.0,3.0,0.0,1.0,0.0,0.0,0.0,2.0,1.0,2.0,2,2.0,2.0,0.0,2.0,1,0.0,2.0,0.0,1.0,0,0.0,3.0,2.0,1.0,0.0,0.0,0.0,0.0,0.0,4.0,0.0,1.0,1.0,2.0,0.0,1.0,2.0
338,3,0.0,0.0,1,1.0,2.0,3.0,0.0,3.0,0.0,0.0,0.0,0.0,1.0,1.0,2.0,0,0.0,0.0,0.0,2.0,1,3.0,0.0,1.0,3.0,0,3.0,0.0,1.0,0.0,0.0,0.0,0.0,2.0,0.0,2.0,3.0,1.0,1.0,1.0,2.0,2.0,1.0
339,0,2.0,2.0,1,0.0,2.0,0.0,0.0,3.0,3.0,1.0,1.0,2.0,4.0,2.0,4.0,3,1.0,1.0,0.0,2.0,1,0.0,4.0,0.0,2.0,1,2.0,2.0,2.0,2.0,2.0,0.0,0.0,1.0,1.0,4.0,4.0,0.0,4.0,1.0,2.0,1.0,1.0
340,0,4.0,3.0,0,0.0,2.0,0.0,0.0,0.0,1.0,2.0,3.0,3.0,3.0,3.0,3.0,0,0.0,0.0,2.0,2.0,1,3.0,2.0,1.0,2.0,0,3.0,0.0,0.0,0.0,2.0,0.0,0.0,2.0,1.0,1.0,0.0,2.0,0.0,2.0,2.0,1.0,2.0
341,3,1.0,0.0,1,1.0,0.0,3.0,3.0,3.0,1.0,0.0,0.0,1.0,1.0,1.0,2.0,0,0.0,2.0,0.0,2.0,2,3.0,2.0,1.0,1.0,3,0.0,3.0,0.0,0.0,0.0,0.0,0.0,0.0,0.0,2.0,3.0,1.0,4.0,1.0,2.0,2.0,1.0
342,0,2.0,0.0,1,1.0,2.0,0.0,3.0,0.0,1.0,2.0,2.0,2.0,2.0,0.0,2.0,0,2.0,0.0,2.0,1.0,2,3.0,2.0,1.0,0.0,0,3.0,1.0,1.0,2.0,2.0,0.0,1.0,2.0,2.0,2.0,3.0,1.0,2.0,2.0,0.0,2.0,2.0
343,0,4.0,4.0,1,0.0,2.0,0.0,0.0,2.0,0.0,2.0,2.0,0.0,0.0,0.0,2.0,2,0.0,2.0,2.0,2.0,2,2.0,2.0,0.0,0.0,3,0.0,0.0,0.0,0.0,2.0,0.0,0.0,2.0,2.0,1.0,0.0,2.0,2.0,1.0,2.0,2.0,2.0
344,0,3.0,2.0,1,0.0,2.0,3.0,0.0,3.0,1.0,0.0,0.0,0.0,0.0,2.0,4.0,0,1.0,3.0,0.0,2.0,1,2.0,0.0,1.0,0.0,0,3.0,0.0,1.0,0.0,2.0,0.0,0.0,0.0,0.0,0.0,0.0,2.0,1.0,2.0,2.0,1.0,1.0
345,0,4.0,3.0,1,0.0,2.0,0.0,2.0,2.0,2.0,2.0,2.0,2.0,2.0,2.0,2.0,0,2.0,2.0,2.0,2.0,1,0.0,2.0,0.0,0.0,0,0.0,0.0,0.0,2.0,2.0,0.0,2.0,2.0,2.0,2.0,2.0,1.0,2.0,2.0,2.0,0.0,2.0
346,0,2.0,0.0,1,0.0,2.0,2.0,0.0,0.0,0.0,0.0,1.0,0.0,0.0,0.0,2.0,2,0.0,0.0,2.0,3.0,2,2.0,2.0,0.0,0.0,3,0.0,3.0,2.0,1.0,1.0,0.0,0.0,1.0,0.0,1.0,2.0,1.0,2.0,2.0,0.0,0.0,2.0
347,0,2.0,0.0,0,0.0,1.0,0.0,0.0,3.0,3.0,3.0,2.0,0.0,1.0,0.0,4.0,2,2.0,2.0,2.0,2.0,1,2.0,1.0,1.0,1.0,0,1.0,1.0,1.0,0.0,0.0,0.0,0.0,0.0,0.0,4.0,3.0,1.0,1.0,0.0,0.0,1.0,2.0
348,0,0.0,5.0,0,0.0,2.0,2.0,0.0,0.0,1.0,1.0,2.0,2.0,0.0,0.0,2.0,0,1.0,1.0,2.0,2.0,1,3.0,2.0,1.0,2.0,3,1.0,0.0,0.0,0.0,2.0,0.0,0.0,0.0,2.0,1.0,1.0,1.0,2.0,2.0,0.0,2.0,1.0
349,1,3.0,0.0,1,0.0,2.0,0.0,0.0,0.0,0.0,2.0,0.0,0.0,2.0,0.0,0.0,2,0.0,0.0,0.0,2.0,1,3.0,4.0,1.0,1.0,0,0.0,1.0,3.0,0.0,2.0,0.0,0.0,0.0,0.0,4.0,0.0,1.0,2.0,2.0,2.0,1.0,1.0
350,0,4.0,3.0,0,0.0,2.0,4.0,1.0,0.0,4.0,0.0,0.0,0.0,4.0,0.0,3.0,2,0.0,3.0,2.0,2.0,1,0.0,0.0,1.0,2.0,1,2.0,3.0,2.0,0.0,1.0,0.0,0.0,0.0,1.0,1.0,0.0,1.0,1.0,1.0,2.0,0.0,1.0
351,2,5.0,0.0,0,1.0,2.0,0.0,0.0,3.0,3.0,3.0,1.0,0.0,3.0,0.0,0.0,2,0.0,3.0,2.0,2.0,1,0.0,2.0,1.0,2.0,1,0.0,1.0,2.0,0.0,2.0,0.0,0.0,1.0,0.0,0.0,3.0,1.0,0.0,1.0,2.0,1.0,1.0
352,4,1.0,1.0,1,1.0,1.0,3.0,3.0,2.0,2.0,2.0,2.0,2.0,2.0,3.0,2.0,2,0.0,3.0,2.0,0.0,2,2.0,0.0,1.0,1.0,1,1.0,0.0,0.0,2.0,2.0,1.0,2.0,2.0,2.0,4.0,2.0,0.0,1.0,2.0,0.0,2.0,1.0
353,0,2.0,0.0,0,0.0,2.0,0.0,0.0,0.0,0.0,0.0,1.0,1.0,1.0,0.0,1.0,2,0.0,1.0,0.0,3.0,1,2.0,1.0,1.0,0.0,0,0.0,3.0,3.0,0.0,0.0,0.0,0.0,0.0,0.0,1.0,0.0,2.0,1.0,2.0,2.0,1.0,2.0
354,0,4.0,3.0,0,0.0,2.0,3.0,3.0,3.0,2.0,3.0,3.0,1.0,2.0,3.0,2.0,0,2.0,0.0,2.0,3.0,2,3.0,0.0,1.0,2.0,1,2.0,2.0,1.0,4.0,0.0,0.0,0.0,0.0,1.0,1.0,0.0,1.0,2.0,2.0,1.0,1.0,0.0
355,0,1.0,0.0,0,0.0,2.0,3.0,3.0,0.0,1.0,0.0,2.0,2.0,2.0,0.0,0.0,1,0.0,3.0,2.0,2.0,2,0.0,2.0,0.0,0.0,3,0.0,0.0,0.0,0.0,1.0,0.0,2.0,0.0,0.0,4.0,2.0,1.0,0.0,0.0,2.0,2.0,1.0
356,0,4.0,3.0,0,0.0,2.0,2.0,3.0,0.0,2.0,0.0,4.0,2.0,4.0,3.0,2.0,0,2.0,2.0,0.0,2.0,1,0.0,4.0,1.0,1.0,1,1.0,1.0,2.0,2.0,0.0,0.0,0.0,2.0,0.0,4.0,0.0,1.0,1.0,1.0,2.0,0.0,2.0
357,4,0.0,2.0,1,1.0,0.0,2.0,0.0,3.0,2.0,2.0,2.0,2.0,2.0,1.0,4.0,0,2.0,2.0,2.0,2.0,1,0.0,1.0,0.0,2.0,1,1.0,1.0,2.0,0.0,2.0,0.0,0.0,0.0,2.0,1.0,2.0,0.0,2.0,1.0,2.0,2.0,1.0
358,1,2.0,0.0,0,0.0,1.0,0.0,0.0,0.0,1.0,0.0,0.0,2.0,1.0,0.0,0.0,1,0.0,0.0,2.0,2.0,1,3.0,2.0,1.0,2.0,3,0.0,0.0,0.0,0.0,1.0,0.0,0.0,0.0,0.0,0.0,0.0,2.0,4.0,1.0,1.0,1.0,2.0
359,4,2.0,2.0,1,1.0,2.0,2.0,3.0,3.0,0.0,1.0,1.0,1.0,0.0,1.0,3.0,1,1.0,1.0,0.0,0.0,0,2.0,0.0,0.0,2.0,0,0.0,2.0,0.0,4.0,0.0,0.0,0.0,0.0,1.0,1.0,1.0,2.0,1.0,1.0,2.0,1.0,2.0
360,1,3.0,4.0,0,0.0,2.0,4.0,2.0,2.0,2.0,2.0,2.0,2.0,2.0,0.0,2.0,2,0.0,2.0,0.0,2.0,2,1.0,0.0,1.0,0.0,0,0.0,0.0,0.0,2.0,2.0,0.0,2.0,2.0,2.0,0.0,2.0,1.0,2.0,1.0,1.0,0.0,2.0
361,4,2.0,1.0,0,1.0,2.0,2.0,3.0,3.0,2.0,3.0,3.0,1.0,1.0,0.0,3.0,0,0.0,3.0,2.0,2.0,1,2.0,1.0,1.0,0.0,0,0.0,0.0,0.0,3.0,1.0,1.0,0.0,0.0,2.0,1.0,2.0,2.0,3.0,0.0,2.0,0.0,1.0
362,2,3.0,1.0,0,0.0,2.0,3.0,3.0,2.0,2.0,3.0,0.0,1.0,1.0,2.0,2.0,1,2.0,0.0,0.0,2.0,1,2.0,0.0,1.0,3.0,0,3.0,3.0,1.0,3.0,0.0,0.0,0.0,0.0,2.0,1.0,3.0,2.0,1.0,1.0,2.0,0.0,1.0
363,4,2.0,2.0,0,1.0,2.0,3.0,3.0,3.0,4.0,0.0,3.0,0.0,1.0,3.0,3.0,0,0.0,1.0,0.0,2.0,1,2.0,4.0,1.0,0.0,1,1.0,0.0,1.0,0.0,0.0,0.0,0.0,0.0,0.0,4.0,0.0,0.0,1.0,1.0,2.0,0.0,2.0
364,0,4.0,4.0,0,0.0,2.0,2.0,0.0,0.0,2.0,3.0,0.0,0.0,1.0,0.0,2.0,2,0.0,0.0,2.0,2.0,1,3.0,0.0,0.0,0.0,0,1.0,0.0,1.0,0.0,0.0,0.0,0.0,0.0,0.0,2.0,0.0,1.0,2.0,1.0,2.0,0.0,2.0
365,4,1.0,0.0,1,1.0,2.0,0.0,0.0,2.0,4.0,4.0,0.0,0.0,0.0,0.0,2.0,0,0.0,0.0,2.0,2.0,2,0.0,4.0,1.0,0.0,0,3.0,0.0,0.0,0.0,1.0,0.0,2.0,2.0,2.0,4.0,0.0,1.0,2.0,2.0,2.0,2.0,2.0
366,4,1.0,0.0,1,1.0,2.0,0.0,0.0,2.0,4.0,4.0,0.0,0.0,0.0,0.0,2.0,0,0.0,0.0,2.0,2.0,2,0.0,4.0,1.0,0.0,0,3.0,0.0,0.0,0.0,1.0,0.0,2.0,2.0,2.0,4.0,0.0,1.0,2.0,2.0,2.0,3.0,2.0
367,1,3.0,0.0,1,0.0,2.0,0.0,0.0,0.0,4.0,0.0,0.0,2.0,2.0,0.0,2.0,1,0.0,3.0,0.0,2.0,2,2.0,0.0,0.0,2.0,0,3.0,0.0,1.0,0.0,0.0,1.0,1.0,0.0,0.0,0.0,3.0,1.0,3.0,2.0,2.0,2.0,2.0
368,0,4.0,3.0,0,0.0,2.0,0.0,0.0,0.0,0.0,1.0,0.0,2.0,0.0,0.0,0.0,2,0.0,1.0,2.0,2.0,1,3.0,0.0,0.0,2.0,0,0.0,0.0,0.0,0.0,2.0,0.0,0.0,0.0,1.0,2.0,0.0,2.0,0.0,1.0,1.0,1.0,2.0
369,0,3.0,0.0,0,0.0,1.0,3.0,0.0,0.0,0.0,3.0,0.0,1.0,1.0,0.0,0.0,2,1.0,0.0,2.0,2.0,1,0.0,0.0,1.0,1.0,3,0.0,3.0,2.0,3.0,1.0,0.0,1.0,0.0,0.0,4.0,2.0,1.0,3.0,2.0,1.0,2.0,1.0
370,0,2.0,0.0,0,0.0,1.0,3.0,3.0,3.0,2.0,3.0,3.0,4.0,4.0,3.0,3.0,2,0.0,3.0,2.0,2.0,1,3.0,3.0,0.0,2.0,3,3.0,0.0,2.0,0.0,2.0,0.0,0.0,2.0,0.0,1.0,2.0,1.0,0.0,2.0,2.0,1.0,2.0
371,0,4.0,3.0,0,0.0,2.0,3.0,0.0,3.0,1.0,3.0,0.0,2.0,1.0,2.0,3.0,0,0.0,1.0,2.0,2.0,1,0.0,4.0,1.0,3.0,0,0.0,0.0,1.0,1.0,0.0,0.0,0.0,0.0,0.0,1.0,0.0,1.0,2.0,1.0,0.0,0.0,2.0
372,0,3.0,0.0,0,0.0,1.0,3.0,3.0,3.0,0.0,3.0,0.0,1.0,3.0,3.0,2.0,2,0.0,3.0,0.0,2.0,1,2.0,2.0,1.0,2.0,0,2.0,2.0,2.0,0.0,0.0,0.0,0.0,2.0,1.0,2.0,3.0,1.0,2.0,1.0,0.0,1.0,2.0
373,0,5.0,0.0,1,0.0,2.0,0.0,0.0,1.0,0.0,3.0,0.0,0.0,0.0,1.0,0.0,1,0.0,0.0,0.0,2.0,2,0.0,4.0,1.0,2.0,0,0.0,1.0,0.0,0.0,1.0,0.0,0.0,1.0,1.0,1.0,0.0,1.0,1.0,1.0,2.0,1.0,2.0
374,3,2.0,4.0,0,1.0,2.0,3.0,3.0,3.0,1.0,3.0,0.0,3.0,3.0,3.0,0.0,0,0.0,0.0,0.0,2.0,1,2.0,0.0,1.0,1.0,0,0.0,0.0,1.0,2.0,2.0,0.0,0.0,0.0,2.0,2.0,2.0,1.0,2.0,1.0,2.0,0.0,1.0
375,0,4.0,3.0,0,0.0,2.0,2.0,3.0,0.0,2.0,3.0,2.0,0.0,1.0,0.0,0.0,0,2.0,0.0,2.0,2.0,1,3.0,2.0,1.0,0.0,1,0.0,0.0,0.0,0.0,2.0,0.0,0.0,0.0,0.0,2.0,0.0,2.0,2.0,1.0,0.0,1.0,1.0
376,3,2.0,0.0,0,1.0,2.0,0.0,4.0,0.0,4.0,4.0,0.0,0.0,4.0,2.0,0.0,0,0.0,4.0,0.0,2.0,1,3.0,4.0,0.0,3.0,0,3.0,2.0,3.0,3.0,1.0,0.0,0.0,0.0,0.0,4.0,0.0,1.0,4.0,2.0,2.0,1.0,1.0
377,0,4.0,2.0,0,1.0,2.0,3.0,3.0,3.0,0.0,3.0,3.0,2.0,4.0,3.0,3.0,2,0.0,2.0,2.0,2.0,1,3.0,3.0,1.0,0.0,3,3.0,1.0,3.0,3.0,1.0,0.0,0.0,0.0,0.0,1.0,3.0,0.0,2.0,0.0,2.0,0.0,2.0
378,1,3.0,0.0,0,0.0,1.0,0.0,0.0,0.0,0.0,0.0,2.0,2.0,2.0,0.0,2.0,0,0.0,2.0,2.0,1.0,1,2.0,2.0,0.0,1.0,0,0.0,0.0,1.0,0.0,2.0,0.0,0.0,2.0,0.0,1.0,2.0,1.0,2.0,2.0,1.0,1.0,2.0
379,5,4.0,5.0,0,1.0,2.0,0.0,2.0,1.0,3.0,3.0,4.0,1.0,2.0,2.0,1.0,3,0.0,1.0,2.0,2.0,1,0.0,2.0,0.0,2.0,2,2.0,1.0,1.0,3.0,1.0,0.0,0.0,0.0,1.0,4.0,2.0,2.0,4.0,1.0,2.0,0.0,1.0
380,4,4.0,4.0,0,1.0,1.0,2.0,0.0,2.0,2.0,0.0,1.0,2.0,1.0,2.0,1.0,1,0.0,2.0,2.0,2.0,1,0.0,0.0,0.0,2.0,0,2.0,0.0,1.0,0.0,1.0,0.0,0.0,2.0,0.0,1.0,0.0,2.0,2.0,1.0,2.0,1.0,1.0
381,0,4.0,3.0,0,0.0,2.0,0.0,0.0,0.0,1.0,3.0,1.0,1.0,1.0,0.0,3.0,2,2.0,0.0,0.0,2.0,1,3.0,0.0,1.0,0.0,1,0.0,0.0,2.0,2.0,2.0,0.0,0.0,2.0,0.0,4.0,0.0,1.0,0.0,1.0,2.0,1.0,1.0
382,1,3.0,0.0,0,1.0,2.0,2.0,0.0,0.0,4.0,0.0,0.0,0.0,2.0,0.0,2.0,2,1.0,2.0,2.0,2.0,1,0.0,1.0,1.0,1.0,1,1.0,1.0,1.0,0.0,0.0,0.0,0.0,0.0,0.0,1.0,2.0,1.0,2.0,1.0,2.0,1.0,1.0
383,4,0.0,1.0,0,1.0,1.0,1.0,3.0,3.0,1.0,3.0,0.0,3.0,2.0,2.0,3.0,2,1.0,4.0,0.0,2.0,1,2.0,4.0,0.0,1.0,0,0.0,0.0,1.0,3.0,2.0,0.0,0.0,2.0,0.0,2.0,4.0,2.0,0.0,2.0,2.0,2.0,2.0
384,4,0.0,1.0,1,1.0,2.0,3.0,3.0,3.0,1.0,3.0,4.0,3.0,4.0,2.0,0.0,2,0.0,2.0,2.0,2.0,1,3.0,4.0,0.0,0.0,0,2.0,0.0,1.0,4.0,0.0,0.0,0.0,0.0,0.0,4.0,4.0,2.0,3.0,0.0,1.0,2.0,0.0
385,5,1.0,1.0,1,1.0,1.0,0.0,0.0,0.0,1.0,0.0,0.0,1.0,1.0,0.0,1.0,1,0.0,1.0,2.0,2.0,2,1.0,0.0,1.0,3.0,0,3.0,3.0,3.0,0.0,0.0,0.0,0.0,0.0,1.0,2.0,0.0,2.0,1.0,1.0,2.0,2.0,2.0
386,4,2.0,1.0,0,1.0,1.0,0.0,3.0,3.0,1.0,3.0,2.0,2.0,0.0,0.0,2.0,0,0.0,0.0,2.0,2.0,1,0.0,2.0,1.0,1.0,1,1.0,1.0,1.0,0.0,0.0,0.0,0.0,2.0,0.0,4.0,2.0,1.0,0.0,0.0,2.0,1.0,2.0
387,0,2.0,0.0,0,0.0,2.0,3.0,3.0,3.0,2.0,3.0,3.0,1.0,2.0,0.0,0.0,2,0.0,0.0,0.0,2.0,1,3.0,4.0,1.0,2.0,3,3.0,3.0,1.0,3.0,0.0,0.0,0.0,0.0,0.0,2.0,3.0,1.0,0.0,1.0,2.0,2.0,1.0
388,5,0.0,1.0,0,1.0,1.0,0.0,0.0,0.0,0.0,0.0,1.0,1.0,1.0,0.0,0.0,0,0.0,1.0,2.0,2.0,1,1.0,0.0,1.0,2.0,0,0.0,3.0,3.0,0.0,0.0,0.0,0.0,0.0,0.0,1.0,0.0,0.0,1.0,0.0,2.0,1.0,1.0
389,3,3.0,0.0,0,1.0,1.0,3.0,3.0,3.0,2.0,0.0,0.0,0.0,3.0,0.0,1.0,0,0.0,0.0,2.0,2.0,1,2.0,2.0,1.0,1.0,0,1.0,1.0,1.0,0.0,0.0,0.0,0.0,2.0,0.0,4.0,2.0,1.0,0.0,2.0,2.0,1.0,2.0
390,4,3.0,0.0,0,1.0,1.0,3.0,3.0,3.0,1.0,3.0,0.0,0.0,0.0,0.0,1.0,0,0.0,2.0,2.0,2.0,1,0.0,0.0,0.0,1.0,0,1.0,1.0,1.0,3.0,0.0,0.0,0.0,0.0,0.0,4.0,2.0,1.0,2.0,2.0,2.0,1.0,1.0
391,5,1.0,0.0,1,1.0,1.0,0.0,0.0,0.0,0.0,0.0,0.0,1.0,1.0,0.0,1.0,1,0.0,1.0,0.0,0.0,2,3.0,1.0,1.0,3.0,3,3.0,3.0,3.0,0.0,0.0,0.0,0.0,0.0,0.0,1.0,0.0,2.0,0.0,1.0,2.0,3.0,2.0
392,0,4.0,2.0,0,0.0,2.0,0.0,0.0,2.0,1.0,0.0,2.0,0.0,0.0,0.0,2.0,0,0.0,0.0,0.0,2.0,1,3.0,2.0,0.0,2.0,1,1.0,1.0,1.0,0.0,2.0,0.0,0.0,2.0,1.0,1.0,0.0,2.0,1.0,1.0,2.0,0.0,2.0
393,0,4.0,3.0,0,0.0,2.0,3.0,3.0,0.0,1.0,3.0,0.0,4.0,4.0,2.0,1.0,2,0.0,3.0,2.0,2.0,1,3.0,4.0,0.0,1.0,0,1.0,2.0,2.0,0.0,2.0,0.0,0.0,2.0,0.0,4.0,2.0,1.0,2.0,2.0,0.0,1.0,2.0
394,0,2.0,0.0,0,0.0,2.0,0.0,2.0,0.0,2.0,2.0,2.0,2.0,2.0,0.0,0.0,0,2.0,0.0,2.0,2.0,1,2.0,0.0,1.0,2.0,3,3.0,1.0,1.0,0.0,2.0,0.0,0.0,0.0,1.0,2.0,0.0,1.0,0.0,1.0,2.0,1.0,2.0
395,4,3.0,0.0,1,1.0,1.0,0.0,0.0,0.0,2.0,0.0,1.0,2.0,2.0,2.0,4.0,0,0.0,2.0,0.0,0.0,2,2.0,2.0,1.0,3.0,0,0.0,0.0,0.0,0.0,1.0,0.0,0.0,0.0,2.0,1.0,0.0,1.0,1.0,1.0,2.0,1.0,1.0
396,5,0.0,1.0,1,1.0,1.0,0.0,0.0,0.0,3.0,3.0,2.0,4.0,2.0,2.0,2.0,0,0.0,2.0,0.0,1.0,2,0.0,0.0,0.0,0.0,0,2.0,1.0,2.0,0.0,1.0,0.0,0.0,0.0,2.0,1.0,0.0,2.0,1.0,1.0,2.0,2.0,1.0
397,0,4.0,2.0,0,0.0,2.0,2.0,2.0,2.0,4.0,1.0,2.0,2.0,2.0,3.0,2.0,0,2.0,0.0,0.0,2.0,1,0.0,4.0,1.0,1.0,1,1.0,1.0,1.0,2.0,2.0,0.0,0.0,2.0,2.0,1.0,1.0,0.0,1.0,0.0,1.0,1.0,2.0
398,1,3.0,0.0,1,0.0,1.0,0.0,3.0,2.0,3.0,2.0,0.0,0.0,0.0,0.0,2.0,0,0.0,3.0,2.0,3.0,2,2.0,2.0,1.0,0.0,0,1.0,1.0,0.0,0.0,1.0,0.0,0.0,0.0,0.0,4.0,3.0,1.0,2.0,1.0,2.0,0.0,1.0
399,4,0.0,1.0,0,1.0,2.0,2.0,0.0,3.0,2.0,3.0,0.0,2.0,2.0,2.0,2.0,0,0.0,0.0,2.0,2.0,1,0.0,4.0,1.0,2.0,1,0.0,0.0,0.0,0.0,2.0,0.0,0.0,0.0,0.0,3.0,3.0,2.0,2.0,1.0,2.0,0.0,2.0
400,5,1.0,0.0,1,1.0,1.0,2.0,2.0,2.0,0.0,0.0,1.0,2.0,0.0,2.0,4.0,3,0.0,1.0,1.0,0.0,0,2.0,1.0,1.0,0.0,0,0.0,0.0,0.0,2.0,0.0,1.0,2.0,2.0,2.0,1.0,3.0,1.0,0.0,0.0,0.0,2.0,0.0
401,5,1.0,0.0,1,1.0,0.0,3.0,3.0,3.0,3.0,4.0,3.0,3.0,3.0,3.0,4.0,2,0.0,3.0,1.0,2.0,1,3.0,4.0,1.0,1.0,3,1.0,1.0,1.0,3.0,2.0,0.0,0.0,0.0,0.0,0.0,0.0,1.0,2.0,2.0,1.0,2.0,2.0
402,4,2.0,0.0,0,1.0,1.0,4.0,4.0,4.0,4.0,4.0,4.0,4.0,4.0,4.0,4.0,3,1.0,4.0,2.0,2.0,1,0.0,4.0,1.0,2.0,2,2.0,2.0,2.0,4.0,1.0,1.0,1.0,1.0,1.0,4.0,4.0,2.0,4.0,1.0,2.0,2.0,1.0
403,4,0.0,1.0,1,1.0,1.0,2.0,2.0,2.0,1.0,2.0,2.0,2.0,2.0,2.0,2.0,0,1.0,2.0,0.0,2.0,1,0.0,2.0,0.0,1.0,1,0.0,1.0,1.0,3.0,2.0,0.0,0.0,2.0,2.0,2.0,2.0,2.0,2.0,2.0,2.0,1.0,1.0
404,4,0.0,0.0,0,1.0,1.0,3.0,3.0,3.0,2.0,3.0,2.0,4.0,4.0,3.0,3.0,2,0.0,3.0,0.0,3.0,2,0.0,0.0,1.0,2.0,1,1.0,0.0,1.0,2.0,2.0,0.0,0.0,0.0,0.0,1.0,2.0,1.0,2.0,2.0,2.0,2.0,2.0
405,0,4.0,3.0,0,0.0,2.0,0.0,3.0,0.0,4.0,1.0,0.0,3.0,0.0,3.0,0.0,0,1.0,0.0,0.0,2.0,1,3.0,0.0,0.0,0.0,1,0.0,1.0,0.0,3.0,2.0,0.0,0.0,0.0,0.0,2.0,0.0,1.0,1.0,1.0,2.0,1.0,1.0
406,4,1.0,1.0,1,1.0,1.0,0.0,0.0,0.0,4.0,3.0,3.0,3.0,3.0,3.0,3.0,1,0.0,3.0,0.0,2.0,1,2.0,0.0,0.0,1.0,1,1.0,1.0,1.0,2.0,0.0,0.0,0.0,0.0,1.0,1.0,1.0,2.0,2.0,0.0,2.0,2.0,2.0
407,0,4.0,4.0,1,0.0,2.0,3.0,0.0,0.0,1.0,0.0,0.0,0.0,0.0,0.0,0.0,0,0.0,0.0,0.0,2.0,1,2.0,0.0,0.0,2.0,0,0.0,0.0,0.0,0.0,0.0,0.0,1.0,2.0,2.0,2.0,0.0,1.0,0.0,2.0,2.0,1.0,2.0
408,0,4.0,3.0,0,0.0,2.0,0.0,2.0,0.0,0.0,0.0,0.0,0.0,0.0,2.0,0.0,2,0.0,0.0,2.0,2.0,1,2.0,0.0,0.0,2.0,0,2.0,0.0,2.0,2.0,1.0,0.0,0.0,2.0,1.0,1.0,0.0,2.0,2.0,2.0,2.0,0.0,2.0
409,0,4.0,2.0,0,1.0,2.0,3.0,3.0,3.0,0.0,3.0,3.0,2.0,4.0,3.0,3.0,2,0.0,2.0,2.0,2.0,1,3.0,3.0,1.0,0.0,3,3.0,1.0,3.0,3.0,1.0,0.0,0.0,0.0,0.0,1.0,3.0,0.0,2.0,0.0,2.0,0.0,2.0
410,4,1.0,1.0,1,1.0,2.0,2.0,0.0,3.0,1.0,0.0,0.0,3.0,2.0,2.0,2.0,0,1.0,2.0,0.0,2.0,2,2.0,2.0,1.0,1.0,0,0.0,0.0,1.0,2.0,2.0,0.0,0.0,0.0,2.0,0.0,2.0,1.0,2.0,2.0,0.0,3.0,2.0
411,0,4.0,2.0,0,1.0,2.0,3.0,3.0,3.0,0.0,3.0,3.0,2.0,4.0,3.0,3.0,2,0.0,2.0,2.0,2.0,1,3.0,3.0,1.0,0.0,3,3.0,1.0,3.0,3.0,1.0,0.0,0.0,0.0,0.0,1.0,3.0,0.0,2.0,0.0,2.0,1.0,2.0
412,0,4.0,3.0,0,0.0,2.0,2.0,0.0,0.0,4.0,1.0,2.0,1.0,1.0,1.0,0.0,0,0.0,0.0,2.0,2.0,1,0.0,0.0,0.0,0.0,1,3.0,3.0,3.0,3.0,0.0,0.0,0.0,0.0,0.0,2.0,0.0,0.0,1.0,0.0,2.0,3.0,1.0
413,5,0.0,0.0,0,1.0,2.0,3.0,3.0,0.0,4.0,3.0,0.0,0.0,4.0,1.0,0.0,2,0.0,2.0,0.0,1.0,2,2.0,4.0,0.0,1.0,0,1.0,0.0,0.0,0.0,0.0,0.0,0.0,0.0,1.0,4.0,4.0,1.0,3.0,1.0,2.0,2.0,2.0
414,1,0.0,1.0,1,0.0,1.0,4.0,4.0,4.0,1.0,2.0,2.0,2.0,0.0,0.0,0.0,0,2.0,0.0,2.0,2.0,1,0.0,4.0,0.0,0.0,0,0.0,0.0,0.0,0.0,2.0,0.0,0.0,2.0,2.0,2.0,2.0,2.0,2.0,2.0,2.0,3.0,2.0
415,0,4.0,3.0,0,0.0,2.0,0.0,0.0,0.0,1.0,0.0,1.0,2.0,2.0,0.0,0.0,0,0.0,1.0,2.0,2.0,1,2.0,2.0,0.0,2.0,1,1.0,3.0,0.0,2.0,2.0,0.0,0.0,0.0,2.0,1.0,3.0,1.0,2.0,2.0,2.0,2.0,2.0
416,0,4.0,4.0,0,0.0,1.0,3.0,0.0,3.0,1.0,0.0,2.0,0.0,0.0,0.0,0.0,0,2.0,0.0,2.0,2.0,1,0.0,4.0,0.0,0.0,1,0.0,1.0,0.0,0.0,1.0,0.0,0.0,0.0,2.0,1.0,0.0,1.0,1.0,1.0,2.0,1.0,2.0
417,1,5.0,2.0,0,1.0,2.0,0.0,0.0,3.0,4.0,0.0,0.0,2.0,2.0,0.0,0.0,0,0.0,3.0,1.0,2.0,1,3.0,0.0,1.0,3.0,3,3.0,0.0,0.0,1.0,2.0,0.0,0.0,2.0,0.0,3.0,3.0,0.0,3.0,0.0,2.0,2.0,2.0
418,0,2.0,0.0,0,0.0,2.0,3.0,0.0,0.0,4.0,1.0,2.0,2.0,2.0,2.0,2.0,0,0.0,2.0,2.0,2.0,1,1.0,0.0,0.0,1.0,0,2.0,1.0,1.0,2.0,2.0,0.0,0.0,2.0,2.0,4.0,2.0,1.0,2.0,2.0,0.0,1.0,1.0
419,0,4.0,3.0,0,0.0,2.0,0.0,0.0,0.0,2.0,0.0,0.0,2.0,0.0,0.0,2.0,0,2.0,0.0,2.0,2.0,1,1.0,2.0,1.0,2.0,1,0.0,0.0,1.0,0.0,2.0,0.0,0.0,0.0,1.0,1.0,2.0,1.0,2.0,2.0,0.0,1.0,2.0
420,0,2.0,0.0,1,0.0,2.0,3.0,3.0,3.0,2.0,3.0,0.0,3.0,0.0,3.0,2.0,0,2.0,2.0,2.0,2.0,1,2.0,0.0,0.0,0.0,3,0.0,3.0,1.0,0.0,0.0,0.0,1.0,0.0,1.0,2.0,3.0,2.0,0.0,0.0,2.0,0.0,0.0
421,2,0.0,0.0,0,1.0,1.0,3.0,3.0,3.0,4.0,1.0,0.0,0.0,0.0,0.0,2.0,0,0.0,0.0,2.0,2.0,1,0.0,4.0,1.0,2.0,1,2.0,2.0,2.0,2.0,0.0,0.0,0.0,0.0,0.0,1.0,2.0,2.0,2.0,2.0,2.0,0.0,2.0
422,3,1.0,0.0,1,1.0,0.0,0.0,3.0,3.0,1.0,2.0,0.0,3.0,1.0,0.0,2.0,1,0.0,0.0,2.0,2.0,1,0.0,4.0,1.0,2.0,1,0.0,3.0,0.0,0.0,0.0,0.0,0.0,0.0,0.0,0.0,0.0,1.0,2.0,1.0,0.0,2.0,2.0
423,0,3.0,0.0,1,1.0,1.0,0.0,0.0,0.0,0.0,0.0,0.0,0.0,4.0,0.0,0.0,2,0.0,0.0,1.0,2.0,1,0.0,4.0,0.0,2.0,2,2.0,2.0,2.0,4.0,1.0,1.0,1.0,1.0,1.0,4.0,4.0,2.0,4.0,1.0,2.0,0.0,1.0
424,2,0.0,0.0,0,1.0,1.0,3.0,3.0,3.0,4.0,1.0,0.0,0.0,0.0,0.0,2.0,0,0.0,0.0,2.0,2.0,1,0.0,4.0,1.0,2.0,1,2.0,2.0,2.0,2.0,0.0,0.0,0.0,0.0,0.0,1.0,2.0,1.0,2.0,2.0,2.0,1.0,2.0
425,3,1.0,0.0,1,1.0,1.0,0.0,0.0,3.0,2.0,0.0,0.0,0.0,2.0,2.0,0.0,2,1.0,2.0,0.0,2.0,1,3.0,2.0,1.0,1.0,0,0.0,0.0,1.0,2.0,0.0,0.0,0.0,0.0,0.0,1.0,4.0,1.0,2.0,1.0,1.0,0.0,0.0
426,1,3.0,0.0,1,0.0,1.0,0.0,2.0,0.0,1.0,2.0,2.0,2.0,2.0,0.0,2.0,0,0.0,0.0,1.0,2.0,1,3.0,2.0,1.0,1.0,1,1.0,1.0,1.0,2.0,2.0,0.0,0.0,2.0,2.0,2.0,2.0,1.0,2.0,2.0,2.0,2.0,2.0
427,2,0.0,2.0,1,1.0,1.0,0.0,0.0,0.0,0.0,0.0,2.0,0.0,1.0,0.0,1.0,2,0.0,1.0,0.0,0.0,0,3.0,1.0,0.0,3.0,3,3.0,3.0,3.0,0.0,0.0,0.0,0.0,0.0,0.0,1.0,0.0,0.0,0.0,0.0,2.0,2.0,1.0
428,1,3.0,0.0,1,1.0,2.0,1.0,2.0,2.0,0.0,0.0,0.0,0.0,0.0,0.0,0.0,2,0.0,0.0,0.0,3.0,0,2.0,0.0,0.0,0.0,0,0.0,0.0,1.0,1.0,2.0,0.0,0.0,0.0,2.0,2.0,2.0,1.0,1.0,2.0,1.0,2.0,2.0
429,2,1.0,0.0,0,1.0,1.0,0.0,0.0,3.0,0.0,3.0,0.0,1.0,1.0,0.0,0.0,0,0.0,1.0,0.0,3.0,1,3.0,2.0,1.0,0.0,2,1.0,0.0,1.0,0.0,0.0,0.0,0.0,0.0,0.0,1.0,0.0,2.0,4.0,1.0,2.0,1.0,2.0
430,2,0.0,2.0,1,1.0,2.0,0.0,0.0,0.0,1.0,0.0,0.0,0.0,0.0,0.0,0.0,1,0.0,0.0,2.0,2.0,1,2.0,0.0,0.0,2.0,1,0.0,0.0,0.0,0.0,0.0,0.0,0.0,0.0,0.0,0.0,0.0,0.0,1.0,2.0,2.0,1.0,1.0
431,4,1.0,0.0,1,1.0,2.0,1.0,2.0,2.0,1.0,1.0,2.0,0.0,2.0,1.0,2.0,1,0.0,2.0,0.0,1.0,2,2.0,0.0,1.0,1.0,0,0.0,0.0,0.0,2.0,2.0,1.0,0.0,2.0,2.0,1.0,1.0,1.0,1.0,2.0,1.0,2.0,2.0
432,2,0.0,0.0,1,1.0,1.0,0.0,0.0,0.0,0.0,0.0,2.0,2.0,2.0,0.0,0.0,2,0.0,1.0,0.0,3.0,2,2.0,1.0,0.0,0.0,0,3.0,0.0,0.0,0.0,0.0,0.0,0.0,0.0,0.0,1.0,0.0,2.0,0.0,1.0,2.0,1.0,2.0
433,3,0.0,1.0,0,1.0,2.0,1.0,0.0,0.0,2.0,0.0,2.0,2.0,2.0,2.0,2.0,1,0.0,2.0,2.0,2.0,1,2.0,2.0,0.0,1.0,1,0.0,0.0,0.0,0.0,0.0,0.0,0.0,0.0,1.0,0.0,0.0,2.0,2.0,2.0,2.0,2.0,2.0
434,3,0.0,4.0,1,1.0,1.0,3.0,0.0,0.0,0.0,0.0,3.0,2.0,2.0,0.0,4.0,2,0.0,4.0,0.0,1.0,1,1.0,2.0,1.0,1.0,0,0.0,0.0,2.0,0.0,0.0,0.0,0.0,0.0,0.0,4.0,3.0,2.0,1.0,2.0,2.0,0.0,2.0
435,2,0.0,1.0,0,1.0,1.0,0.0,0.0,0.0,0.0,2.0,2.0,2.0,2.0,2.0,2.0,0,0.0,1.0,2.0,2.0,1,2.0,2.0,1.0,1.0,0,0.0,0.0,2.0,0.0,0.0,0.0,0.0,0.0,1.0,1.0,0.0,1.0,2.0,1.0,2.0,0.0,1.0
436,4,1.0,2.0,1,1.0,2.0,0.0,2.0,0.0,1.0,0.0,0.0,1.0,1.0,2.0,2.0,1,0.0,2.0,0.0,3.0,2,3.0,2.0,0.0,0.0,1,0.0,0.0,1.0,0.0,0.0,0.0,0.0,2.0,1.0,0.0,0.0,0.0,2.0,2.0,2.0,2.0,2.0
437,2,0.0,1.0,1,0.0,1.0,0.0,0.0,0.0,0.0,0.0,1.0,1.0,2.0,0.0,2.0,0,0.0,1.0,2.0,3.0,2,1.0,1.0,0.0,3.0,0,0.0,0.0,3.0,0.0,0.0,0.0,0.0,0.0,0.0,1.0,0.0,1.0,1.0,1.0,2.0,2.0,2.0
438,5,1.0,2.0,1,1.0,2.0,0.0,0.0,0.0,0.0,0.0,2.0,1.0,1.0,1.0,1.0,3,1.0,1.0,0.0,1.0,2,0.0,2.0,0.0,0.0,2,0.0,1.0,0.0,0.0,0.0,0.0,0.0,1.0,1.0,0.0,0.0,1.0,1.0,1.0,0.0,1.0,1.0
439,4,1.0,2.0,1,1.0,1.0,3.0,3.0,0.0,0.0,0.0,1.0,1.0,4.0,2.0,0.0,0,0.0,1.0,0.0,1.0,2,3.0,0.0,0.0,0.0,0,0.0,0.0,1.0,0.0,0.0,0.0,0.0,0.0,0.0,4.0,0.0,0.0,1.0,1.0,2.0,3.0,1.0
440,2,0.0,0.0,0,1.0,2.0,0.0,3.0,3.0,2.0,0.0,0.0,0.0,1.0,1.0,2.0,0,0.0,3.0,2.0,2.0,1,3.0,0.0,1.0,0.0,0,3.0,3.0,0.0,3.0,0.0,0.0,0.0,0.0,0.0,1.0,3.0,2.0,1.0,1.0,0.0,2.0,2.0
441,0,4.0,3.0,1,0.0,1.0,0.0,0.0,0.0,0.0,0.0,1.0,1.0,1.0,0.0,0.0,2,1.0,1.0,2.0,3.0,2,3.0,1.0,0.0,3.0,3,0.0,0.0,1.0,0.0,1.0,1.0,0.0,2.0,0.0,4.0,0.0,2.0,0.0,0.0,0.0,2.0,2.0
442,0,2.0,0.0,1,0.0,2.0,0.0,0.0,0.0,0.0,0.0,1.0,1.0,1.0,1.0,1.0,0,0.0,2.0,2.0,2.0,2,3.0,2.0,0.0,1.0,3,2.0,1.0,1.0,1.0,2.0,0.0,0.0,1.0,1.0,4.0,3.0,1.0,2.0,2.0,1.0,1.0,2.0
443,4,4.0,5.0,0,1.0,2.0,3.0,3.0,3.0,4.0,3.0,0.0,0.0,1.0,2.0,2.0,0,2.0,3.0,2.0,2.0,1,2.0,4.0,1.0,3.0,2,3.0,3.0,0.0,3.0,0.0,0.0,0.0,0.0,1.0,1.0,3.0,2.0,4.0,1.0,0.0,0.0,2.0
444,5,3.0,5.0,0,1.0,1.0,0.0,0.0,0.0,0.0,0.0,0.0,1.0,1.0,0.0,2.0,2,1.0,1.0,2.0,3.0,1,1.0,0.0,1.0,0.0,0,0.0,0.0,1.0,0.0,0.0,0.0,0.0,0.0,0.0,4.0,0.0,2.0,1.0,2.0,0.0,1.0,1.0
445,3,0.0,0.0,0,1.0,1.0,0.0,0.0,0.0,0.0,0.0,1.0,1.0,1.0,0.0,0.0,0,0.0,4.0,2.0,2.0,1,3.0,0.0,1.0,1.0,0,3.0,0.0,0.0,0.0,0.0,0.0,0.0,0.0,0.0,4.0,0.0,2.0,1.0,1.0,2.0,1.0,1.0
446,0,2.0,0.0,1,0.0,1.0,2.0,2.0,0.0,0.0,0.0,2.0,3.0,2.0,2.0,2.0,0,0.0,0.0,0.0,2.0,1,3.0,2.0,0.0,1.0,3,1.0,0.0,1.0,2.0,2.0,0.0,0.0,2.0,0.0,1.0,2.0,1.0,1.0,2.0,1.0,0.0,2.0
447,4,1.0,0.0,0,1.0,1.0,3.0,3.0,3.0,3.0,3.0,0.0,1.0,1.0,0.0,3.0,2,0.0,4.0,1.0,3.0,1,3.0,0.0,1.0,0.0,1,0.0,0.0,0.0,3.0,0.0,0.0,0.0,0.0,0.0,4.0,3.0,1.0,1.0,0.0,2.0,2.0,2.0
448,1,3.0,2.0,1,0.0,2.0,3.0,3.0,3.0,1.0,3.0,3.0,0.0,1.0,0.0,2.0,0,0.0,3.0,2.0,2.0,1,2.0,4.0,1.0,0.0,1,0.0,3.0,1.0,3.0,0.0,0.0,0.0,0.0,0.0,1.0,0.0,0.0,1.0,2.0,2.0,2.0,2.0
449,2,3.0,0.0,1,0.0,2.0,0.0,0.0,0.0,0.0,0.0,2.0,2.0,2.0,0.0,0.0,0,0.0,1.0,0.0,3.0,2,3.0,1.0,0.0,0.0,3,3.0,0.0,0.0,0.0,0.0,0.0,0.0,0.0,0.0,1.0,0.0,1.0,2.0,2.0,2.0,1.0,2.0
450,5,1.0,1.0,1,1.0,1.0,2.0,0.0,0.0,1.0,3.0,2.0,3.0,2.0,1.0,2.0,0,0.0,2.0,0.0,2.0,1,0.0,4.0,1.0,3.0,0,3.0,0.0,1.0,2.0,0.0,0.0,0.0,0.0,2.0,1.0,3.0,2.0,4.0,2.0,1.0,1.0,2.0
451,2,0.0,2.0,0,1.0,1.0,3.0,0.0,0.0,0.0,0.0,1.0,1.0,1.0,2.0,1.0,0,1.0,1.0,0.0,1.0,1,1.0,0.0,1.0,0.0,0,0.0,0.0,1.0,3.0,0.0,0.0,0.0,0.0,0.0,4.0,0.0,2.0,0.0,1.0,2.0,2.0,1.0
452,2,1.0,4.0,1,1.0,1.0,0.0,0.0,0.0,0.0,0.0,3.0,1.0,0.0,0.0,0.0,0,0.0,1.0,0.0,1.0,2,3.0,0.0,1.0,0.0,0,1.0,0.0,0.0,3.0,0.0,0.0,0.0,0.0,0.0,1.0,0.0,0.0,1.0,1.0,2.0,2.0,1.0
453,2,0.0,0.0,1,1.0,2.0,3.0,3.0,2.0,0.0,3.0,0.0,0.0,4.0,2.0,0.0,2,0.0,2.0,0.0,1.0,1,2.0,0.0,0.0,0.0,0,0.0,0.0,0.0,2.0,1.0,0.0,0.0,0.0,0.0,4.0,4.0,1.0,0.0,1.0,2.0,2.0,2.0
454,2,0.0,1.0,0,1.0,1.0,0.0,0.0,0.0,0.0,0.0,3.0,0.0,1.0,3.0,0.0,0,0.0,1.0,0.0,3.0,2,1.0,0.0,1.0,0.0,0,0.0,0.0,0.0,0.0,0.0,0.0,0.0,0.0,0.0,4.0,0.0,1.0,1.0,1.0,2.0,2.0,2.0
455,0,4.0,3.0,1,0.0,2.0,3.0,3.0,0.0,1.0,3.0,4.0,0.0,4.0,0.0,2.0,2,0.0,1.0,2.0,2.0,1,3.0,0.0,1.0,3.0,3,3.0,3.0,3.0,0.0,0.0,0.0,0.0,0.0,0.0,3.0,3.0,2.0,1.0,1.0,0.0,1.0,2.0
456,1,3.0,0.0,0,0.0,1.0,0.0,3.0,3.0,4.0,0.0,2.0,1.0,2.0,0.0,2.0,0,2.0,0.0,2.0,2.0,2,0.0,2.0,0.0,1.0,1,1.0,1.0,1.0,2.0,2.0,0.0,0.0,2.0,2.0,2.0,0.0,1.0,0.0,2.0,0.0,1.0,2.0
457,0,2.0,0.0,1,0.0,1.0,3.0,0.0,3.0,0.0,1.0,1.0,3.0,4.0,2.0,4.0,0,1.0,3.0,2.0,2.0,1,3.0,2.0,0.0,2.0,3,2.0,3.0,2.0,2.0,1.0,0.0,0.0,0.0,0.0,4.0,2.0,1.0,3.0,1.0,2.0,1.0,2.0
458,1,2.0,4.0,0,0.0,1.0,0.0,2.0,0.0,0.0,3.0,2.0,1.0,4.0,0.0,0.0,2,0.0,0.0,0.0,1.0,2,3.0,0.0,0.0,1.0,3,1.0,1.0,2.0,2.0,2.0,0.0,0.0,0.0,2.0,1.0,2.0,2.0,0.0,0.0,2.0,1.0,2.0
459,0,4.0,3.0,1,0.0,2.0,0.0,0.0,4.0,0.0,0.0,0.0,1.0,4.0,0.0,0.0,2,0.0,4.0,0.0,2.0,1,3.0,1.0,0.0,3.0,3,3.0,3.0,1.0,0.0,0.0,0.0,0.0,0.0,0.0,4.0,0.0,2.0,0.0,0.0,2.0,0.0,2.0
460,0,3.0,0.0,1,1.0,2.0,0.0,0.0,0.0,2.0,0.0,0.0,0.0,2.0,0.0,2.0,0,0.0,0.0,2.0,2.0,1,3.0,0.0,0.0,2.0,3,0.0,1.0,3.0,0.0,0.0,1.0,0.0,0.0,0.0,2.0,3.0,1.0,3.0,0.0,2.0,0.0,2.0
461,5,3.0,5.0,1,1.0,1.0,3.0,0.0,3.0,1.0,2.0,2.0,0.0,0.0,0.0,2.0,1,2.0,3.0,2.0,2.0,1,0.0,4.0,0.0,2.0,2,1.0,2.0,3.0,2.0,2.0,0.0,0.0,0.0,0.0,4.0,2.0,1.0,4.0,1.0,2.0,2.0,1.0
462,1,3.0,0.0,1,0.0,1.0,3.0,0.0,3.0,2.0,0.0,2.0,2.0,2.0,2.0,2.0,2,0.0,2.0,2.0,1.0,2,2.0,2.0,0.0,3.0,3,0.0,1.0,3.0,2.0,0.0,0.0,1.0,1.0,1.0,4.0,0.0,1.0,2.0,2.0,1.0,2.0,0.0
463,1,2.0,0.0,1,0.0,1.0,3.0,3.0,3.0,3.0,3.0,0.0,3.0,3.0,3.0,0.0,2,0.0,3.0,0.0,2.0,2,3.0,4.0,1.0,3.0,3,3.0,3.0,0.0,1.0,2.0,0.0,1.0,1.0,0.0,4.0,3.0,1.0,0.0,2.0,1.0,2.0,2.0
464,2,0.0,0.0,1,0.0,1.0,0.0,0.0,0.0,1.0,2.0,0.0,0.0,0.0,2.0,0.0,2,0.0,0.0,2.0,3.0,2,3.0,2.0,0.0,1.0,3,0.0,0.0,1.0,2.0,1.0,0.0,2.0,1.0,0.0,0.0,0.0,2.0,2.0,2.0,0.0,1.0,2.0
465,0,0.0,0.0,1,0.0,2.0,3.0,0.0,3.0,2.0,0.0,2.0,0.0,0.0,3.0,4.0,0,2.0,3.0,2.0,2.0,1,2.0,2.0,1.0,0.0,3,3.0,1.0,2.0,2.0,0.0,0.0,1.0,0.0,2.0,0.0,2.0,1.0,2.0,0.0,2.0,2.0,2.0
466,1,3.0,0.0,1,0.0,2.0,0.0,0.0,0.0,1.0,3.0,2.0,2.0,1.0,0.0,2.0,0,2.0,0.0,2.0,1.0,1,2.0,2.0,0.0,0.0,3,0.0,3.0,2.0,0.0,0.0,0.0,1.0,2.0,0.0,4.0,0.0,1.0,2.0,1.0,0.0,1.0,1.0
467,0,4.0,2.0,1,0.0,2.0,0.0,3.0,2.0,4.0,0.0,2.0,2.0,4.0,0.0,4.0,2,0.0,0.0,2.0,2.0,1,2.0,0.0,0.0,0.0,0,0.0,1.0,1.0,3.0,2.0,0.0,0.0,2.0,2.0,4.0,4.0,0.0,3.0,0.0,0.0,0.0,2.0
468,0,4.0,3.0,1,0.0,2.0,0.0,2.0,3.0,4.0,2.0,0.0,2.0,2.0,3.0,2.0,2,1.0,3.0,2.0,0.0,2,2.0,0.0,0.0,1.0,3,2.0,0.0,2.0,3.0,1.0,0.0,0.0,1.0,0.0,4.0,4.0,0.0,3.0,0.0,0.0,0.0,2.0
469,0,4.0,3.0,1,0.0,2.0,2.0,0.0,0.0,2.0,2.0,0.0,3.0,2.0,0.0,0.0,2,0.0,0.0,0.0,2.0,1,0.0,2.0,0.0,1.0,3,3.0,0.0,2.0,4.0,0.0,1.0,0.0,1.0,0.0,2.0,4.0,2.0,2.0,0.0,1.0,0.0,0.0
470,0,4.0,3.0,1,0.0,2.0,0.0,0.0,0.0,2.0,2.0,1.0,2.0,0.0,0.0,1.0,0,1.0,2.0,2.0,2.0,1,3.0,2.0,0.0,2.0,0,1.0,1.0,1.0,2.0,2.0,0.0,0.0,1.0,1.0,4.0,0.0,1.0,1.0,1.0,2.0,1.0,1.0
471,0,4.0,3.0,1,0.0,2.0,0.0,3.0,2.0,0.0,3.0,2.0,0.0,1.0,2.0,2.0,2,0.0,3.0,2.0,2.0,1,0.0,2.0,0.0,1.0,0,1.0,0.0,0.0,2.0,0.0,0.0,0.0,0.0,0.0,4.0,2.0,1.0,2.0,2.0,0.0,0.0,2.0
472,1,2.0,2.0,0,1.0,2.0,2.0,0.0,3.0,1.0,2.0,0.0,0.0,3.0,0.0,0.0,2,0.0,0.0,2.0,2.0,1,3.0,0.0,0.0,2.0,1,2.0,2.0,1.0,1.0,1.0,0.0,0.0,0.0,1.0,1.0,2.0,2.0,0.0,1.0,1.0,1.0,2.0
473,0,4.0,4.0,1,0.0,2.0,2.0,2.0,0.0,2.0,2.0,2.0,2.0,2.0,2.0,2.0,0,2.0,0.0,2.0,2.0,2,0.0,2.0,1.0,1.0,1,1.0,0.0,2.0,2.0,2.0,0.0,0.0,1.0,2.0,1.0,0.0,1.0,1.0,1.0,0.0,0.0,1.0
474,0,2.0,0.0,0,0.0,2.0,3.0,3.0,3.0,3.0,3.0,2.0,1.0,1.0,3.0,2.0,2,0.0,3.0,2.0,2.0,1,1.0,2.0,1.0,2.0,0,0.0,0.0,2.0,0.0,2.0,0.0,0.0,1.0,0.0,0.0,2.0,1.0,3.0,1.0,2.0,0.0,2.0
475,0,2.0,0.0,0,0.0,2.0,0.0,0.0,0.0,4.0,0.0,2.0,3.0,4.0,3.0,2.0,0,0.0,2.0,2.0,2.0,1,0.0,4.0,1.0,2.0,0,1.0,1.0,0.0,3.0,0.0,0.0,1.0,0.0,0.0,4.0,2.0,2.0,2.0,1.0,1.0,1.0,1.0
476,0,4.0,3.0,1,0.0,2.0,0.0,0.0,0.0,3.0,2.0,0.0,2.0,3.0,2.0,2.0,0,2.0,0.0,0.0,3.0,1,3.0,0.0,0.0,1.0,3,0.0,2.0,2.0,2.0,1.0,0.0,0.0,0.0,0.0,4.0,0.0,2.0,0.0,2.0,1.0,2.0,2.0
477,1,4.0,3.0,1,0.0,2.0,3.0,3.0,0.0,0.0,0.0,0.0,0.0,0.0,2.0,2.0,1,0.0,0.0,2.0,2.0,1,2.0,0.0,0.0,0.0,3,0.0,0.0,1.0,0.0,2.0,0.0,0.0,0.0,0.0,4.0,2.0,1.0,2.0,1.0,2.0,0.0,2.0
478,0,4.0,3.0,0,0.0,1.0,3.0,3.0,2.0,3.0,3.0,0.0,0.0,3.0,0.0,0.0,2,0.0,0.0,2.0,2.0,1,3.0,1.0,0.0,1.0,3,0.0,3.0,1.0,3.0,0.0,0.0,0.0,0.0,0.0,1.0,0.0,1.0,2.0,2.0,2.0,2.0,2.0
479,2,1.0,0.0,1,1.0,1.0,2.0,2.0,2.0,1.0,1.0,3.0,2.0,3.0,0.0,2.0,2,2.0,2.0,2.0,1.0,2,3.0,2.0,0.0,1.0,3,0.0,1.0,2.0,1.0,1.0,0.0,0.0,0.0,2.0,2.0,0.0,1.0,2.0,2.0,1.0,0.0,2.0
480,1,5.0,2.0,0,1.0,2.0,0.0,1.0,2.0,2.0,3.0,1.0,0.0,2.0,0.0,0.0,1,0.0,0.0,0.0,2.0,1,3.0,0.0,0.0,2.0,1,2.0,1.0,2.0,2.0,2.0,0.0,0.0,2.0,0.0,4.0,4.0,2.0,1.0,2.0,0.0,0.0,2.0
481,0,4.0,4.0,0,0.0,2.0,0.0,3.0,3.0,2.0,3.0,0.0,3.0,2.0,3.0,2.0,0,0.0,3.0,2.0,2.0,1,2.0,4.0,1.0,2.0,0,0.0,0.0,0.0,0.0,0.0,0.0,0.0,0.0,0.0,4.0,0.0,2.0,4.0,1.0,2.0,2.0,1.0
482,0,4.0,2.0,0,0.0,2.0,0.0,0.0,0.0,1.0,0.0,1.0,2.0,2.0,0.0,0.0,0,0.0,1.0,2.0,2.0,1,2.0,2.0,0.0,2.0,1,1.0,3.0,0.0,2.0,2.0,0.0,0.0,0.0,2.0,1.0,3.0,1.0,2.0,2.0,2.0,0.0,2.0
483,2,3.0,0.0,1,1.0,1.0,4.0,4.0,1.0,1.0,3.0,0.0,1.0,1.0,1.0,2.0,0,0.0,1.0,2.0,2.0,1,2.0,2.0,1.0,2.0,1,1.0,0.0,1.0,2.0,1.0,0.0,1.0,0.0,2.0,1.0,2.0,1.0,2.0,1.0,0.0,1.0,2.0
484,0,4.0,3.0,0,0.0,2.0,3.0,3.0,3.0,4.0,3.0,3.0,3.0,4.0,3.0,4.0,0,0.0,0.0,2.0,2.0,1,2.0,4.0,1.0,3.0,1,3.0,3.0,3.0,3.0,0.0,0.0,0.0,0.0,1.0,4.0,3.0,2.0,2.0,0.0,2.0,1.0,2.0
485,0,3.0,0.0,1,0.0,2.0,0.0,0.0,0.0,1.0,0.0,1.0,2.0,1.0,1.0,1.0,0,0.0,0.0,2.0,0.0,2,2.0,2.0,1.0,0.0,0,3.0,1.0,3.0,0.0,2.0,0.0,0.0,2.0,0.0,1.0,0.0,2.0,0.0,2.0,0.0,2.0,1.0
486,2,0.0,1.0,1,1.0,1.0,3.0,0.0,0.0,1.0,0.0,0.0,0.0,4.0,0.0,1.0,0,0.0,4.0,0.0,3.0,2,3.0,2.0,1.0,3.0,3,0.0,3.0,0.0,2.0,0.0,0.0,0.0,0.0,0.0,3.0,0.0,2.0,3.0,0.0,2.0,3.0,0.0
487,2,1.0,0.0,1,1.0,1.0,0.0,0.0,3.0,0.0,3.0,2.0,2.0,2.0,1.0,4.0,0,2.0,3.0,2.0,2.0,2,1.0,4.0,0.0,1.0,0,3.0,0.0,1.0,0.0,2.0,0.0,0.0,0.0,0.0,2.0,0.0,1.0,1.0,2.0,2.0,3.0,2.0
488,1,3.0,0.0,0,1.0,1.0,3.0,3.0,3.0,0.0,3.0,3.0,1.0,1.0,2.0,4.0,1,1.0,0.0,2.0,2.0,2,0.0,4.0,1.0,2.0,3,1.0,0.0,2.0,2.0,2.0,0.0,0.0,2.0,0.0,2.0,4.0,1.0,4.0,1.0,2.0,0.0,2.0
489,2,1.0,0.0,1,1.0,0.0,3.0,3.0,3.0,4.0,0.0,0.0,0.0,0.0,0.0,2.0,0,1.0,0.0,2.0,2.0,2,0.0,0.0,0.0,3.0,0,3.0,2.0,1.0,1.0,2.0,0.0,0.0,0.0,2.0,4.0,0.0,2.0,2.0,2.0,2.0,3.0,2.0
490,2,0.0,0.0,0,1.0,1.0,0.0,0.0,1.0,4.0,1.0,3.0,0.0,0.0,1.0,1.0,0,0.0,0.0,2.0,2.0,1,3.0,0.0,0.0,1.0,0,2.0,0.0,0.0,0.0,1.0,0.0,0.0,0.0,1.0,1.0,3.0,1.0,4.0,0.0,2.0,2.0,2.0
491,2,3.0,0.0,0,1.0,2.0,3.0,0.0,3.0,4.0,3.0,3.0,3.0,3.0,3.0,2.0,0,0.0,3.0,0.0,2.0,2,2.0,2.0,0.0,0.0,3,0.0,0.0,0.0,1.0,0.0,0.0,0.0,0.0,0.0,2.0,3.0,1.0,0.0,0.0,0.0,2.0,0.0
492,2,4.0,5.0,0,1.0,2.0,3.0,3.0,3.0,3.0,3.0,3.0,1.0,4.0,2.0,2.0,2,1.0,4.0,2.0,2.0,1,0.0,4.0,1.0,2.0,0,1.0,3.0,1.0,3.0,0.0,0.0,0.0,0.0,0.0,2.0,0.0,2.0,0.0,2.0,2.0,2.0,1.0
493,1,3.0,0.0,0,1.0,2.0,2.0,2.0,0.0,1.0,0.0,1.0,2.0,1.0,0.0,0.0,2,2.0,0.0,1.0,2.0,1,2.0,2.0,0.0,1.0,3,0.0,2.0,0.0,0.0,0.0,1.0,0.0,0.0,1.0,4.0,2.0,1.0,1.0,0.0,2.0,1.0,2.0
494,2,4.0,2.0,0,1.0,2.0,0.0,0.0,3.0,4.0,2.0,0.0,0.0,0.0,3.0,0.0,0,0.0,0.0,0.0,2.0,1,0.0,4.0,1.0,0.0,1,0.0,3.0,1.0,0.0,2.0,0.0,0.0,0.0,2.0,2.0,0.0,1.0,2.0,0.0,0.0,2.0,2.0
495,1,3.0,0.0,0,1.0,2.0,2.0,2.0,0.0,1.0,0.0,1.0,2.0,1.0,0.0,0.0,2,2.0,0.0,1.0,2.0,1,2.0,2.0,0.0,1.0,3,0.0,2.0,0.0,0.0,0.0,1.0,0.0,0.0,1.0,4.0,2.0,1.0,1.0,0.0,2.0,0.0,2.0
496,1,1.0,0.0,1,1.0,1.0,0.0,3.0,3.0,4.0,0.0,1.0,3.0,2.0,0.0,2.0,2,0.0,3.0,2.0,2.0,2,3.0,2.0,0.0,0.0,3,0.0,3.0,0.0,2.0,0.0,0.0,0.0,0.0,0.0,1.0,1.0,2.0,0.0,0.0,0.0,1.0,2.0
497,2,1.0,0.0,0,1.0,1.0,0.0,0.0,0.0,1.0,0.0,0.0,0.0,2.0,0.0,4.0,0,0.0,2.0,2.0,2.0,2,0.0,2.0,0.0,0.0,3,0.0,0.0,0.0,0.0,2.0,0.0,2.0,0.0,0.0,2.0,0.0,1.0,2.0,2.0,1.0,3.0,2.0
498,2,0.0,1.0,1,1.0,1.0,3.0,0.0,3.0,4.0,0.0,0.0,3.0,3.0,2.0,2.0,2,2.0,0.0,2.0,2.0,1,0.0,1.0,1.0,1.0,3,0.0,0.0,2.0,0.0,0.0,0.0,0.0,2.0,0.0,2.0,0.0,0.0,1.0,2.0,2.0,2.0,1.0
499,5,0.0,1.0,0,1.0,1.0,0.0,0.0,0.0,3.0,3.0,3.0,3.0,3.0,0.0,3.0,2,2.0,3.0,2.0,2.0,1,2.0,1.0,1.0,3.0,3,3.0,3.0,3.0,3.0,0.0,0.0,0.0,0.0,0.0,3.0,3.0,0.0,2.0,2.0,2.0,2.0,2.0
500,2,1.0,0.0,0,1.0,1.0,3.0,3.0,3.0,4.0,3.0,0.0,0.0,2.0,0.0,2.0,0,0.0,3.0,2.0,2.0,2,2.0,0.0,0.0,1.0,3,1.0,0.0,0.0,3.0,0.0,0.0,0.0,0.0,0.0,2.0,2.0,1.0,0.0,2.0,2.0,1.0,2.0
501,2,0.0,1.0,1,1.0,2.0,2.0,2.0,2.0,2.0,2.0,2.0,2.0,2.0,2.0,2.0,0,2.0,2.0,2.0,2.0,1,0.0,4.0,0.0,1.0,1,1.0,1.0,1.0,2.0,2.0,0.0,0.0,2.0,2.0,2.0,2.0,2.0,2.0,2.0,1.0,0.0,2.0
502,2,3.0,0.0,1,0.0,1.0,3.0,0.0,0.0,0.0,2.0,0.0,1.0,1.0,1.0,2.0,0,0.0,0.0,2.0,2.0,1,0.0,4.0,1.0,0.0,0,0.0,0.0,0.0,0.0,0.0,0.0,0.0,0.0,0.0,2.0,1.0,1.0,2.0,1.0,2.0,1.0,1.0
503,2,2.0,0.0,0,1.0,2.0,0.0,3.0,0.0,4.0,0.0,2.0,0.0,0.0,0.0,2.0,0,0.0,0.0,2.0,2.0,1,2.0,0.0,1.0,1.0,1,1.0,1.0,1.0,0.0,0.0,0.0,0.0,0.0,0.0,1.0,0.0,1.0,2.0,2.0,2.0,0.0,2.0
504,2,5.0,2.0,1,1.0,1.0,0.0,0.0,3.0,2.0,3.0,4.0,4.0,4.0,3.0,0.0,2,0.0,4.0,0.0,2.0,1,3.0,0.0,1.0,0.0,0,1.0,0.0,0.0,4.0,2.0,0.0,0.0,2.0,0.0,1.0,2.0,2.0,3.0,1.0,2.0,1.0,1.0
505,1,5.0,2.0,0,1.0,2.0,0.0,1.0,2.0,2.0,3.0,1.0,0.0,2.0,0.0,0.0,1,0.0,0.0,0.0,2.0,1,3.0,0.0,0.0,2.0,1,2.0,1.0,2.0,2.0,2.0,0.0,0.0,2.0,0.0,4.0,4.0,0.0,1.0,2.0,0.0,1.0,2.0
506,1,4.0,3.0,0,0.0,2.0,3.0,3.0,3.0,2.0,3.0,2.0,2.0,3.0,3.0,3.0,0,0.0,3.0,2.0,2.0,1,2.0,2.0,0.0,1.0,0,1.0,0.0,3.0,2.0,2.0,0.0,0.0,0.0,0.0,4.0,3.0,1.0,0.0,0.0,2.0,0.0,1.0
507,4,3.0,2.0,0,1.0,2.0,2.0,3.0,3.0,1.0,3.0,3.0,4.0,4.0,0.0,3.0,0,2.0,2.0,0.0,2.0,1,1.0,2.0,0.0,2.0,1,0.0,0.0,0.0,3.0,0.0,0.0,0.0,0.0,0.0,0.0,3.0,2.0,3.0,0.0,2.0,2.0,0.0
508,0,4.0,4.0,0,0.0,1.0,3.0,3.0,0.0,0.0,0.0,0.0,2.0,1.0,0.0,0.0,2,2.0,0.0,2.0,2.0,1,3.0,1.0,1.0,2.0,0,3.0,0.0,1.0,0.0,2.0,0.0,0.0,2.0,0.0,4.0,0.0,1.0,4.0,1.0,2.0,2.0,2.0
509,4,0.0,1.0,0,1.0,1.0,3.0,3.0,3.0,1.0,3.0,3.0,2.0,3.0,3.0,3.0,2,0.0,3.0,2.0,3.0,2,3.0,2.0,0.0,1.0,0,0.0,0.0,1.0,2.0,0.0,0.0,0.0,0.0,0.0,3.0,3.0,2.0,3.0,0.0,2.0,2.0,2.0
510,2,1.0,0.0,0,1.0,0.0,4.0,4.0,2.0,2.0,4.0,2.0,0.0,0.0,2.0,4.0,0,0.0,0.0,2.0,2.0,1,1.0,0.0,1.0,1.0,1,1.0,1.0,1.0,1.0,2.0,0.0,0.0,2.0,2.0,2.0,2.0,1.0,0.0,0.0,2.0,3.0,2.0
511,3,0.0,1.0,1,1.0,1.0,2.0,0.0,0.0,0.0,0.0,0.0,0.0,1.0,0.0,0.0,2,0.0,0.0,2.0,2.0,1,3.0,2.0,1.0,2.0,0,0.0,0.0,1.0,4.0,2.0,0.0,0.0,2.0,2.0,2.0,2.0,2.0,2.0,2.0,0.0,2.0,0.0
512,3,3.0,1.0,0,1.0,1.0,2.0,2.0,2.0,2.0,2.0,2.0,2.0,2.0,2.0,2.0,0,2.0,2.0,2.0,1.0,2,2.0,2.0,0.0,1.0,1,1.0,1.0,1.0,2.0,2.0,1.0,2.0,2.0,2.0,2.0,2.0,2.0,2.0,2.0,1.0,1.0,2.0
513,4,0.0,2.0,0,0.0,2.0,4.0,1.0,2.0,0.0,1.0,4.0,2.0,1.0,0.0,0.0,3,1.0,1.0,0.0,1.0,2,2.0,0.0,1.0,1.0,3,3.0,0.0,1.0,1.0,2.0,0.0,0.0,0.0,1.0,2.0,1.0,1.0,1.0,0.0,1.0,3.0,2.0
514,2,2.0,0.0,1,0.0,1.0,0.0,2.0,1.0,0.0,2.0,1.0,0.0,2.0,1.0,0.0,0,1.0,0.0,2.0,1.0,2,1.0,0.0,1.0,1.0,0,3.0,1.0,1.0,2.0,0.0,0.0,0.0,2.0,2.0,1.0,1.0,1.0,1.0,1.0,1.0,2.0,2.0
515,2,1.0,0.0,1,1.0,1.0,3.0,3.0,3.0,4.0,0.0,3.0,3.0,2.0,3.0,2.0,0,0.0,3.0,0.0,2.0,1,2.0,2.0,0.0,0.0,3,3.0,3.0,3.0,0.0,2.0,0.0,0.0,0.0,0.0,3.0,2.0,0.0,2.0,2.0,2.0,2.0,2.0
516,2,3.0,0.0,0,1.0,2.0,3.0,3.0,2.0,4.0,3.0,3.0,3.0,2.0,3.0,3.0,2,2.0,3.0,2.0,2.0,1,2.0,4.0,1.0,1.0,0,1.0,3.0,2.0,3.0,2.0,0.0,0.0,0.0,2.0,2.0,2.0,1.0,4.0,2.0,2.0,2.0,2.0
517,1,3.0,0.0,0,1.0,2.0,0.0,3.0,3.0,2.0,3.0,0.0,0.0,1.0,2.0,0.0,0,2.0,0.0,2.0,2.0,2,0.0,2.0,1.0,2.0,1,1.0,0.0,1.0,3.0,1.0,0.0,0.0,0.0,0.0,2.0,2.0,2.0,1.0,1.0,2.0,1.0,2.0
518,3,1.0,0.0,1,1.0,2.0,0.0,0.0,0.0,4.0,0.0,0.0,0.0,0.0,1.0,1.0,2,1.0,2.0,2.0,1.0,2,0.0,0.0,1.0,2.0,3,0.0,2.0,1.0,1.0,1.0,0.0,0.0,0.0,0.0,2.0,1.0,1.0,1.0,0.0,2.0,3.0,1.0
519,4,3.0,1.0,1,1.0,1.0,0.0,3.0,0.0,2.0,0.0,2.0,2.0,2.0,2.0,0.0,2,0.0,2.0,0.0,2.0,1,1.0,0.0,1.0,0.0,0,1.0,3.0,1.0,0.0,2.0,0.0,0.0,0.0,2.0,2.0,2.0,2.0,2.0,2.0,2.0,2.0,2.0
520,1,5.0,2.0,0,1.0,2.0,0.0,1.0,2.0,2.0,3.0,1.0,0.0,2.0,0.0,0.0,1,0.0,0.0,0.0,2.0,1,3.0,0.0,0.0,2.0,1,2.0,1.0,2.0,2.0,2.0,0.0,0.0,2.0,0.0,4.0,4.0,2.0,1.0,2.0,0.0,2.0,2.0
521,1,3.0,0.0,0,0.0,1.0,0.0,0.0,0.0,1.0,1.0,0.0,0.0,2.0,0.0,0.0,2,2.0,3.0,2.0,2.0,1,2.0,0.0,1.0,2.0,0,1.0,0.0,0.0,3.0,0.0,1.0,0.0,1.0,2.0,4.0,0.0,1.0,4.0,2.0,2.0,2.0,2.0
522,2,0.0,0.0,0,1.0,2.0,0.0,3.0,0.0,2.0,0.0,3.0,1.0,4.0,2.0,0.0,2,0.0,1.0,2.0,2.0,1,3.0,4.0,0.0,3.0,3,1.0,3.0,1.0,0.0,2.0,0.0,0.0,0.0,0.0,3.0,0.0,2.0,2.0,0.0,2.0,2.0,2.0
523,2,4.0,0.0,0,1.0,2.0,2.0,3.0,3.0,2.0,2.0,0.0,2.0,2.0,0.0,4.0,2,0.0,2.0,2.0,2.0,1,3.0,2.0,1.0,1.0,3,1.0,1.0,1.0,4.0,0.0,0.0,0.0,0.0,0.0,4.0,4.0,1.0,3.0,0.0,1.0,2.0,0.0
524,0,3.0,0.0,0,0.0,1.0,0.0,3.0,3.0,1.0,3.0,1.0,1.0,2.0,0.0,0.0,0,0.0,0.0,2.0,2.0,1,3.0,1.0,1.0,0.0,3,2.0,0.0,1.0,1.0,0.0,0.0,1.0,0.0,1.0,4.0,0.0,1.0,2.0,0.0,2.0,2.0,2.0
525,1,5.0,2.0,0,1.0,2.0,0.0,1.0,2.0,2.0,3.0,1.0,0.0,2.0,0.0,0.0,1,0.0,0.0,0.0,2.0,1,3.0,0.0,0.0,2.0,1,2.0,1.0,2.0,2.0,2.0,0.0,0.0,2.0,0.0,4.0,4.0,2.0,1.0,2.0,0.0,2.0,2.0
526,3,0.0,0.0,1,1.0,2.0,3.0,3.0,3.0,1.0,3.0,3.0,3.0,4.0,2.0,2.0,2,0.0,3.0,2.0,2.0,1,0.0,4.0,1.0,2.0,3,3.0,3.0,3.0,3.0,1.0,0.0,0.0,0.0,0.0,1.0,0.0,1.0,0.0,1.0,2.0,0.0,2.0
527,2,1.0,0.0,1,1.0,2.0,3.0,3.0,0.0,1.0,3.0,3.0,3.0,3.0,3.0,3.0,2,0.0,3.0,2.0,2.0,2,0.0,0.0,1.0,0.0,3,3.0,3.0,2.0,0.0,2.0,0.0,0.0,0.0,0.0,3.0,1.0,2.0,3.0,0.0,2.0,1.0,2.0
528,4,3.0,0.0,0,1.0,2.0,3.0,3.0,3.0,1.0,0.0,3.0,3.0,2.0,2.0,2.0,2,2.0,0.0,2.0,2.0,1,3.0,0.0,1.0,0.0,3,0.0,0.0,0.0,2.0,0.0,0.0,0.0,0.0,0.0,2.0,0.0,1.0,2.0,1.0,0.0,0.0,2.0
529,2,4.0,2.0,0,1.0,2.0,0.0,0.0,3.0,4.0,2.0,0.0,0.0,0.0,3.0,0.0,0,0.0,0.0,0.0,2.0,1,0.0,4.0,1.0,0.0,1,0.0,3.0,1.0,0.0,2.0,0.0,0.0,0.0,2.0,2.0,0.0,0.0,2.0,0.0,0.0,1.0,2.0
530,4,1.0,2.0,1,1.0,2.0,2.0,2.0,3.0,0.0,0.0,0.0,0.0,2.0,0.0,2.0,2,0.0,3.0,0.0,2.0,1,0.0,2.0,1.0,0.0,3,0.0,3.0,0.0,3.0,2.0,0.0,0.0,2.0,0.0,2.0,0.0,0.0,3.0,2.0,2.0,2.0,2.0
531,1,2.0,0.0,1,0.0,2.0,3.0,3.0,3.0,3.0,3.0,0.0,4.0,4.0,2.0,2.0,2,2.0,2.0,0.0,2.0,1,3.0,0.0,1.0,0.0,3,3.0,3.0,1.0,3.0,2.0,0.0,0.0,2.0,0.0,0.0,3.0,2.0,0.0,1.0,2.0,1.0,2.0
532,0,4.0,5.0,1,0.0,2.0,3.0,3.0,3.0,2.0,1.0,1.0,3.0,4.0,0.0,1.0,0,1.0,1.0,2.0,2.0,1,3.0,4.0,1.0,0.0,0,3.0,3.0,0.0,3.0,0.0,0.0,0.0,0.0,0.0,0.0,0.0,1.0,4.0,1.0,2.0,1.0,1.0
533,4,1.0,1.0,1,1.0,2.0,2.0,0.0,3.0,1.0,0.0,0.0,3.0,2.0,2.0,2.0,0,1.0,2.0,0.0,2.0,2,2.0,2.0,1.0,1.0,0,0.0,0.0,1.0,2.0,2.0,0.0,0.0,0.0,2.0,0.0,2.0,2.0,2.0,2.0,0.0,2.0,2.0
